id_initial,decision,motif_par_famille,alertes_structurelles
hard-formula-0001,supprimée,"Formules répétées, bases parfois implicites et corrections récitées ; remplacement sélectif avec justification.",
v31-caseaction-adoc-1re-1-5,supprimée,Mini-cas souvent suivi de titres de cours ou ordre arbitraire ; remplacé par une décision explicite.,
v31-method-adoc-1re-1-5,supprimée,Ordre des premières opérations souvent non unique ; propositions mécaniquement inversées.,choix_long
v34-association-raisonnee-0001,supprimée,"Association de titres et définitions, indices lexicaux, distracteurs permutés.",
v34-association-raisonnee-0004,supprimée,"Association de titres et définitions, indices lexicaux, distracteurs permutés.",choix_long
v34-association-raisonnee-0005,supprimée,"Association de titres et définitions, indices lexicaux, distracteurs permutés.",choix_long
v34-association-raisonnee-0006,supprimée,"Association de titres et définitions, indices lexicaux, distracteurs permutés.",choix_long
v34-association-raisonnee-0007,supprimée,"Association de titres et définitions, indices lexicaux, distracteurs permutés.",choix_long
v34-double-raisonnement-0009,supprimée,"Permutation de deux définitions, raisonnement professionnel non démontré.",enonce_long
v34-double-raisonnement-0013,supprimée,"Permutation de deux définitions, raisonnement professionnel non démontré.",enonce_long
v34-double-raisonnement-0014,supprimée,"Permutation de deux définitions, raisonnement professionnel non démontré.",enonce_long
v34-double-raisonnement-0016,supprimée,"Permutation de deux définitions, raisonnement professionnel non démontré.",enonce_long
v34-double-raisonnement-0018,supprimée,"Permutation de deux définitions, raisonnement professionnel non démontré.",enonce_long
v34-double-raisonnement-0020,supprimée,"Permutation de deux définitions, raisonnement professionnel non démontré.",enonce_long
hard-formula-0003,supprimée,"Formules répétées, bases parfois implicites et corrections récitées ; remplacement sélectif avec justification.",
hard-formula-0005,supprimée,"Formules répétées, bases parfois implicites et corrections récitées ; remplacement sélectif avec justification.",
hard-formula-0007,supprimée,"Formules répétées, bases parfois implicites et corrections récitées ; remplacement sélectif avec justification.",
v31-cross-adoc-1re-1-7-1-2,supprimée,Définitions recopiées et propositions par permutation.,choix_long
v31-example-adoc-1re-1-7,supprimée,Mini-cas souvent suivi de titres de cours ou ordre arbitraire ; remplacé par une décision explicite.,
v32a-formpair-adoc-1re-01-02-1,supprimée,Paires de formules répétées ; reconstruction sélective.,
v32a-formpair-adoc-1re-01-02-2,supprimée,Paires de formules répétées ; reconstruction sélective.,
v32a-formpair-adoc-1re-01-02-3,supprimée,Paires de formules répétées ; reconstruction sélective.,
v32a-pair-adoc-1re-01-02-1,supprimée,Diagnostic de titres de cours et associations artificielles.,
v32a-pair-adoc-1re-01-02-2,supprimée,Diagnostic de titres de cours et associations artificielles.,enonce_long
v32a-pair-adoc-1re-01-02-3,supprimée,Diagnostic de titres de cours et associations artificielles.,enonce_long
v34-association-raisonnee-0022,supprimée,"Association de titres et définitions, indices lexicaux, distracteurs permutés.",choix_long
v34-association-raisonnee-0024,supprimée,"Association de titres et définitions, indices lexicaux, distracteurs permutés.",choix_long
v34-association-raisonnee-0025,supprimée,"Association de titres et définitions, indices lexicaux, distracteurs permutés.",choix_long
v34-association-raisonnee-0027,supprimée,"Association de titres et définitions, indices lexicaux, distracteurs permutés.",choix_long
v34-association-raisonnee-0028,supprimée,"Association de titres et définitions, indices lexicaux, distracteurs permutés.",choix_long
v34-triple-raisonnement-0042,supprimée,"Permutation de trois définitions, lecture trop longue et niveau artificiel.",enonce_long
v34-triple-raisonnement-0043,supprimée,"Permutation de trois définitions, lecture trop longue et niveau artificiel.",enonce_long
v34-triple-raisonnement-0062,supprimée,"Permutation de trois définitions, lecture trop longue et niveau artificiel.",enonce_long
v34-triple-raisonnement-0063,supprimée,"Permutation de trois définitions, lecture trop longue et niveau artificiel.",enonce_long
hard-formula-0009,supprimée,"Formules répétées, bases parfois implicites et corrections récitées ; remplacement sélectif avec justification.",
hard-formula-0011,supprimée,"Formules répétées, bases parfois implicites et corrections récitées ; remplacement sélectif avec justification.",
hard-formula-0013,supprimée,"Formules répétées, bases parfois implicites et corrections récitées ; remplacement sélectif avec justification.",
hard-formula-0015,supprimée,"Formules répétées, bases parfois implicites et corrections récitées ; remplacement sélectif avec justification.",
v31-cross-adoc-1re-1-13-1-2,supprimée,Définitions recopiées et propositions par permutation.,choix_long
v32a-formpair-adoc-1re-01-03-1,supprimée,Paires de formules répétées ; reconstruction sélective.,
v32a-formpair-adoc-1re-01-03-2,supprimée,Paires de formules répétées ; reconstruction sélective.,
v32a-formpair-adoc-1re-01-03-3,supprimée,Paires de formules répétées ; reconstruction sélective.,
v32a-pair-adoc-1re-01-03-1,supprimée,Diagnostic de titres de cours et associations artificielles.,enonce_long
v32a-pair-adoc-1re-01-03-2,supprimée,Diagnostic de titres de cours et associations artificielles.,enonce_long
v32a-pair-adoc-1re-01-03-3,supprimée,Diagnostic de titres de cours et associations artificielles.,enonce_long
v32a-pair-adoc-1re-01-03-4,supprimée,Diagnostic de titres de cours et associations artificielles.,enonce_long
v32a-triple-adoc-1re-01-03-1,supprimée,Attribution mécanique de trois titres.,enonce_long
v34-association-raisonnee-0067,supprimée,"Association de titres et définitions, indices lexicaux, distracteurs permutés.",choix_long
v34-association-raisonnee-0078,supprimée,"Association de titres et définitions, indices lexicaux, distracteurs permutés.",choix_long
v34-association-raisonnee-0085,supprimée,"Association de titres et définitions, indices lexicaux, distracteurs permutés.",choix_long
v34-association-raisonnee-0086,supprimée,"Association de titres et définitions, indices lexicaux, distracteurs permutés.",choix_long
v34-association-raisonnee-0087,supprimée,"Association de titres et définitions, indices lexicaux, distracteurs permutés.",
v34-triple-raisonnement-0125,supprimée,"Permutation de trois définitions, lecture trop longue et niveau artificiel.",enonce_long
v34-triple-raisonnement-0135,supprimée,"Permutation de trois définitions, lecture trop longue et niveau artificiel.",enonce_long
v34-triple-raisonnement-8992,supprimée,"Permutation de trois définitions, lecture trop longue et niveau artificiel.",enonce_long
v31-example-adoc-1re-1-15,supprimée,Mini-cas souvent suivi de titres de cours ou ordre arbitraire ; remplacé par une décision explicite.,
v34-association-raisonnee-0136,supprimée,"Association de titres et définitions, indices lexicaux, distracteurs permutés.",choix_long
v34-association-raisonnee-0137,supprimée,"Association de titres et définitions, indices lexicaux, distracteurs permutés.",
v34-association-raisonnee-0139,supprimée,"Association de titres et définitions, indices lexicaux, distracteurs permutés.",choix_long
v34-association-raisonnee-0140,supprimée,"Association de titres et définitions, indices lexicaux, distracteurs permutés.",choix_long
v34-association-raisonnee-0141,supprimée,"Association de titres et définitions, indices lexicaux, distracteurs permutés.",choix_long
v34-diagnostic-formule-0150,supprimée,"Objectif formulé comme un titre de cours, choix longs et répétitifs.",choix_long
v34-diagnostic-formule-0152,supprimée,"Objectif formulé comme un titre de cours, choix longs et répétitifs.",choix_long
v34-diagnostic-formule-0153,supprimée,"Objectif formulé comme un titre de cours, choix longs et répétitifs.",choix_long
v34-diagnostic-formule-0158,supprimée,"Objectif formulé comme un titre de cours, choix longs et répétitifs.",choix_long
v34-diagnostic-formule-0159,supprimée,"Objectif formulé comme un titre de cours, choix longs et répétitifs.",choix_long
v34-diagnostic-formule-0167,supprimée,"Objectif formulé comme un titre de cours, choix longs et répétitifs.",choix_long
v34-diagnostic-formule-0168,supprimée,"Objectif formulé comme un titre de cours, choix longs et répétitifs.",choix_long
v34-diagnostic-formule-0169,supprimée,"Objectif formulé comme un titre de cours, choix longs et répétitifs.",choix_long
v34-diagnostic-formule-0170,supprimée,"Objectif formulé comme un titre de cours, choix longs et répétitifs.",choix_long
v34-double-raisonnement-0144,supprimée,"Permutation de deux définitions, raisonnement professionnel non démontré.",enonce_long
v34-double-raisonnement-0147,supprimée,"Permutation de deux définitions, raisonnement professionnel non démontré.",enonce_long
v34-double-raisonnement-0149,supprimée,"Permutation de deux définitions, raisonnement professionnel non démontré.",enonce_long
v31-cross-adoc-1re-2-2-2-16,supprimée,Définitions recopiées et propositions par permutation.,choix_long
v32a-pair-adoc-1re-02-06-1,supprimée,Diagnostic de titres de cours et associations artificielles.,enonce_long
v32a-pair-adoc-1re-02-06-2,supprimée,Diagnostic de titres de cours et associations artificielles.,enonce_long
v32a-pair-adoc-1re-02-06-3,supprimée,Diagnostic de titres de cours et associations artificielles.,enonce_long
v34-double-raisonnement-0173,supprimée,"Permutation de deux définitions, raisonnement professionnel non démontré.",enonce_long
v34-double-raisonnement-0174,supprimée,"Permutation de deux définitions, raisonnement professionnel non démontré.",enonce_long
v34-double-raisonnement-0175,supprimée,"Permutation de deux définitions, raisonnement professionnel non démontré.",enonce_long
v34-double-raisonnement-0176,supprimée,"Permutation de deux définitions, raisonnement professionnel non démontré.",enonce_long
v34-double-raisonnement-0178,supprimée,"Permutation de deux définitions, raisonnement professionnel non démontré.",enonce_long
v31-example-adoc-1re-2-7,supprimée,Mini-cas souvent suivi de titres de cours ou ordre arbitraire ; remplacé par une décision explicite.,
v32a-pair-adoc-1re-02-07-1,supprimée,Diagnostic de titres de cours et associations artificielles.,enonce_long
v32a-pair-adoc-1re-02-07-2,supprimée,Diagnostic de titres de cours et associations artificielles.,enonce_long
v32a-pair-adoc-1re-02-07-3,supprimée,Diagnostic de titres de cours et associations artificielles.,enonce_long
v34-association-raisonnee-0179,supprimée,"Association de titres et définitions, indices lexicaux, distracteurs permutés.",choix_long
v34-association-raisonnee-0180,supprimée,"Association de titres et définitions, indices lexicaux, distracteurs permutés.",choix_long
v34-association-raisonnee-0181,supprimée,"Association de titres et définitions, indices lexicaux, distracteurs permutés.",choix_long
v34-association-raisonnee-8993,supprimée,"Association de titres et définitions, indices lexicaux, distracteurs permutés.",choix_long
v34-association-raisonnee-8994,supprimée,"Association de titres et définitions, indices lexicaux, distracteurs permutés.",choix_long
v34-distinction-raisonnee-0183,supprimée,Juxtaposition de définitions ; reconstruction nécessaire.,choix_long
v34-distinction-raisonnee-0202,supprimée,Juxtaposition de définitions ; reconstruction nécessaire.,choix_long
v34-double-raisonnement-0182,supprimée,"Permutation de deux définitions, raisonnement professionnel non démontré.",enonce_long
v34-double-raisonnement-0184,supprimée,"Permutation de deux définitions, raisonnement professionnel non démontré.",enonce_long
v34-triple-raisonnement-0190,supprimée,"Permutation de trois définitions, lecture trop longue et niveau artificiel.",enonce_long
v34-triple-raisonnement-0207,supprimée,"Permutation de trois définitions, lecture trop longue et niveau artificiel.",enonce_long
v31-cross-adoc-1re-2-9-2-14,supprimée,Définitions recopiées et propositions par permutation.,choix_long
v31-pair-adoc-1re-2-9-2-11,supprimée,Définitions recopiées et propositions par permutation.,choix_long
v32a-pair-adoc-1re-02-08-1,supprimée,Diagnostic de titres de cours et associations artificielles.,enonce_long
v32a-pair-adoc-1re-02-08-2,supprimée,Diagnostic de titres de cours et associations artificielles.,enonce_long
v32a-pair-adoc-1re-02-08-3,supprimée,Diagnostic de titres de cours et associations artificielles.,enonce_long
v32a-pair-adoc-1re-02-08-4,supprimée,Diagnostic de titres de cours et associations artificielles.,enonce_long
v32a-triple-adoc-1re-02-08-1,supprimée,Attribution mécanique de trois titres.,enonce_long
v34-association-raisonnee-0209,supprimée,"Association de titres et définitions, indices lexicaux, distracteurs permutés.",choix_long
v34-association-raisonnee-0215,supprimée,"Association de titres et définitions, indices lexicaux, distracteurs permutés.",choix_long
v34-association-raisonnee-0227,supprimée,"Association de titres et définitions, indices lexicaux, distracteurs permutés.",choix_long
v34-association-raisonnee-0228,supprimée,"Association de titres et définitions, indices lexicaux, distracteurs permutés.",
v34-association-raisonnee-0231,supprimée,"Association de titres et définitions, indices lexicaux, distracteurs permutés.",choix_long
v34-distinction-raisonnee-0236,supprimée,Juxtaposition de définitions ; reconstruction nécessaire.,choix_long
v34-double-raisonnement-0242,supprimée,"Permutation de deux définitions, raisonnement professionnel non démontré.",enonce_long
v34-double-raisonnement-0247,supprimée,"Permutation de deux définitions, raisonnement professionnel non démontré.",enonce_long
v34-double-raisonnement-0273,supprimée,"Permutation de deux définitions, raisonnement professionnel non démontré.",enonce_long
v34-triple-raisonnement-0268,supprimée,"Permutation de trois définitions, lecture trop longue et niveau artificiel.",enonce_long
v34-triple-raisonnement-0281,supprimée,"Permutation de trois définitions, lecture trop longue et niveau artificiel.",enonce_long
v31-cross-adoc-1re-2-14-2-9,supprimée,Définitions recopiées et propositions par permutation.,choix_long
v32a-cumulative-adoc-1re-02-10,supprimée,Attribution de titres à des extraits ; faible transfert.,enonce_long
v34-association-raisonnee-0282,supprimée,"Association de titres et définitions, indices lexicaux, distracteurs permutés.",choix_long
v34-association-raisonnee-0283,supprimée,"Association de titres et définitions, indices lexicaux, distracteurs permutés.",choix_long
v34-association-raisonnee-8995,supprimée,"Association de titres et définitions, indices lexicaux, distracteurs permutés.",choix_long
v34-association-raisonnee-8996,supprimée,"Association de titres et définitions, indices lexicaux, distracteurs permutés.",choix_long
v34-double-raisonnement-0284,supprimée,"Permutation de deux définitions, raisonnement professionnel non démontré.",enonce_long
v34-double-raisonnement-0285,supprimée,"Permutation de deux définitions, raisonnement professionnel non démontré.",enonce_long
v34-double-raisonnement-0287,supprimée,"Permutation de deux définitions, raisonnement professionnel non démontré.",enonce_long
v34-double-raisonnement-0289,supprimée,"Permutation de deux définitions, raisonnement professionnel non démontré.",enonce_long
v34-double-raisonnement-0290,supprimée,"Permutation de deux définitions, raisonnement professionnel non démontré.",enonce_long
v34-triple-raisonnement-0292,supprimée,"Permutation de trois définitions, lecture trop longue et niveau artificiel.",enonce_long
v31-pair-adoc-1re-2-15-2-16,supprimée,Définitions recopiées et propositions par permutation.,choix_long
v31-pair-adoc-1re-2-15-2-17,supprimée,Définitions recopiées et propositions par permutation.,choix_long
v31-pair-adoc-1re-2-15-2-18,supprimée,Définitions recopiées et propositions par permutation.,choix_long
v31-pair-adoc-1re-2-16-2-17,supprimée,Définitions recopiées et propositions par permutation.,choix_long
v31-pair-adoc-1re-2-16-2-18,supprimée,Définitions recopiées et propositions par permutation.,choix_long
v32a-pair-adoc-1re-02-11-1,supprimée,Diagnostic de titres de cours et associations artificielles.,enonce_long
v32a-pair-adoc-1re-02-11-2,supprimée,Diagnostic de titres de cours et associations artificielles.,enonce_long
v32a-pair-adoc-1re-02-11-3,supprimée,Diagnostic de titres de cours et associations artificielles.,enonce_long
v34-association-raisonnee-0297,supprimée,"Association de titres et définitions, indices lexicaux, distracteurs permutés.",
v34-association-raisonnee-0300,supprimée,"Association de titres et définitions, indices lexicaux, distracteurs permutés.",choix_long
v34-association-raisonnee-0301,supprimée,"Association de titres et définitions, indices lexicaux, distracteurs permutés.",choix_long
v34-association-raisonnee-0305,supprimée,"Association de titres et définitions, indices lexicaux, distracteurs permutés.",choix_long
v34-association-raisonnee-0309,supprimée,"Association de titres et définitions, indices lexicaux, distracteurs permutés.",choix_long
v34-distinction-raisonnee-0348,supprimée,Juxtaposition de définitions ; reconstruction nécessaire.,choix_long
v34-distinction-raisonnee-0350,supprimée,Juxtaposition de définitions ; reconstruction nécessaire.,choix_long
v34-double-raisonnement-0331,supprimée,"Permutation de deux définitions, raisonnement professionnel non démontré.",enonce_long
v34-double-raisonnement-0360,supprimée,"Permutation de deux définitions, raisonnement professionnel non démontré.",enonce_long
v34-double-raisonnement-0362,supprimée,"Permutation de deux définitions, raisonnement professionnel non démontré.",enonce_long
v31-cross-adoc-1re-2-19-2-2,supprimée,Définitions recopiées et propositions par permutation.,choix_long
v32a-pair-adoc-1re-02-12-1,supprimée,Diagnostic de titres de cours et associations artificielles.,enonce_long
v34-association-raisonnee-0376,supprimée,"Association de titres et définitions, indices lexicaux, distracteurs permutés.",choix_long
v34-association-raisonnee-0377,supprimée,"Association de titres et définitions, indices lexicaux, distracteurs permutés.",choix_long
v34-association-raisonnee-0380,supprimée,"Association de titres et définitions, indices lexicaux, distracteurs permutés.",choix_long
v34-association-raisonnee-0381,supprimée,"Association de titres et définitions, indices lexicaux, distracteurs permutés.",choix_long
v34-association-raisonnee-0385,supprimée,"Association de titres et définitions, indices lexicaux, distracteurs permutés.",choix_long
v34-distinction-raisonnee-0407,supprimée,Juxtaposition de définitions ; reconstruction nécessaire.,choix_long
v34-distinction-raisonnee-0413,supprimée,Juxtaposition de définitions ; reconstruction nécessaire.,choix_long
v34-distinction-raisonnee-0415,supprimée,Juxtaposition de définitions ; reconstruction nécessaire.,choix_long
v34-double-raisonnement-0391,supprimée,"Permutation de deux définitions, raisonnement professionnel non démontré.",enonce_long
v34-double-raisonnement-0398,supprimée,"Permutation de deux définitions, raisonnement professionnel non démontré.",enonce_long
v34-double-raisonnement-0403,supprimée,"Permutation de deux définitions, raisonnement professionnel non démontré.",enonce_long
v34-double-raisonnement-0414,supprimée,"Permutation de deux définitions, raisonnement professionnel non démontré.",enonce_long
v34-triple-raisonnement-0411,supprimée,"Permutation de trois définitions, lecture trop longue et niveau artificiel.",enonce_long
v34-triple-raisonnement-0424,supprimée,"Permutation de trois définitions, lecture trop longue et niveau artificiel.",enonce_long
v34-triple-raisonnement-8997,supprimée,"Permutation de trois définitions, lecture trop longue et niveau artificiel.",enonce_long
v34-triple-raisonnement-8998,supprimée,"Permutation de trois définitions, lecture trop longue et niveau artificiel.",enonce_long
v31-pair-adoc-1re-3-1-3-2,supprimée,Définitions recopiées et propositions par permutation.,choix_long
v32a-pair-adoc-1re-03-13-1,supprimée,Diagnostic de titres de cours et associations artificielles.,enonce_long
v32a-pair-adoc-1re-03-13-2,supprimée,Diagnostic de titres de cours et associations artificielles.,enonce_long
v32a-pair-adoc-1re-03-13-3,supprimée,Diagnostic de titres de cours et associations artificielles.,enonce_long
v32a-pair-adoc-1re-03-13-4,supprimée,Diagnostic de titres de cours et associations artificielles.,enonce_long
v32a-triple-adoc-1re-03-13-1,supprimée,Attribution mécanique de trois titres.,enonce_long
v32a-triple-adoc-1re-03-13-2,supprimée,Attribution mécanique de trois titres.,enonce_long
v34-association-raisonnee-0425,supprimée,"Association de titres et définitions, indices lexicaux, distracteurs permutés.",
v34-association-raisonnee-0426,supprimée,"Association de titres et définitions, indices lexicaux, distracteurs permutés.",
v34-association-raisonnee-0427,supprimée,"Association de titres et définitions, indices lexicaux, distracteurs permutés.",
v34-association-raisonnee-0428,supprimée,"Association de titres et définitions, indices lexicaux, distracteurs permutés.",
v34-association-raisonnee-0431,supprimée,"Association de titres et définitions, indices lexicaux, distracteurs permutés.",
v34-distinction-raisonnee-0436,supprimée,Juxtaposition de définitions ; reconstruction nécessaire.,choix_long
v34-distinction-raisonnee-0443,supprimée,Juxtaposition de définitions ; reconstruction nécessaire.,choix_long
v34-double-raisonnement-0433,supprimée,"Permutation de deux définitions, raisonnement professionnel non démontré.",enonce_long
v34-double-raisonnement-0455,supprimée,"Permutation de deux définitions, raisonnement professionnel non démontré.",enonce_long
v34-triple-raisonnement-0450,supprimée,"Permutation de trois définitions, lecture trop longue et niveau artificiel.",enonce_long
v34-triple-raisonnement-0466,supprimée,"Permutation de trois définitions, lecture trop longue et niveau artificiel.",enonce_long
hard-formula-0017,supprimée,"Formules répétées, bases parfois implicites et corrections récitées ; remplacement sélectif avec justification.",
hard-formula-0019,supprimée,"Formules répétées, bases parfois implicites et corrections récitées ; remplacement sélectif avec justification.",
hard-formula-0021,supprimée,"Formules répétées, bases parfois implicites et corrections récitées ; remplacement sélectif avec justification.",
hard-formula-0023,supprimée,"Formules répétées, bases parfois implicites et corrections récitées ; remplacement sélectif avec justification.",
hard-formula-0025,supprimée,"Formules répétées, bases parfois implicites et corrections récitées ; remplacement sélectif avec justification.",
hard-formula-0027,supprimée,"Formules répétées, bases parfois implicites et corrections récitées ; remplacement sélectif avec justification.",
hard-formula-0029,supprimée,"Formules répétées, bases parfois implicites et corrections récitées ; remplacement sélectif avec justification.",
v31-pair-adoc-1re-3-8-3-10,supprimée,Définitions recopiées et propositions par permutation.,choix_long
v32a-cumulative-adoc-1re-03-14,supprimée,Attribution de titres à des extraits ; faible transfert.,enonce_long
v32a-formpair-adoc-1re-03-14-1,supprimée,Paires de formules répétées ; reconstruction sélective.,
v32a-formpair-adoc-1re-03-14-2,supprimée,Paires de formules répétées ; reconstruction sélective.,
v32a-formpair-adoc-1re-03-14-3,supprimée,Paires de formules répétées ; reconstruction sélective.,
v34-association-raisonnee-0471,supprimée,"Association de titres et définitions, indices lexicaux, distracteurs permutés.",
v34-association-raisonnee-0473,supprimée,"Association de titres et définitions, indices lexicaux, distracteurs permutés.",
v34-association-raisonnee-0476,supprimée,"Association de titres et définitions, indices lexicaux, distracteurs permutés.",
v34-association-raisonnee-0484,supprimée,"Association de titres et définitions, indices lexicaux, distracteurs permutés.",choix_long
v34-association-raisonnee-0486,supprimée,"Association de titres et définitions, indices lexicaux, distracteurs permutés.",
v34-diagnostic-formule-0518,supprimée,"Objectif formulé comme un titre de cours, choix longs et répétitifs.",
v34-diagnostic-formule-0524,supprimée,"Objectif formulé comme un titre de cours, choix longs et répétitifs.",
v34-diagnostic-formule-0526,supprimée,"Objectif formulé comme un titre de cours, choix longs et répétitifs.",
v34-diagnostic-formule-0528,supprimée,"Objectif formulé comme un titre de cours, choix longs et répétitifs.",
hard-formula-0031,supprimée,"Formules répétées, bases parfois implicites et corrections récitées ; remplacement sélectif avec justification.",
v31-example-adoc-1re-3-12,supprimée,Mini-cas souvent suivi de titres de cours ou ordre arbitraire ; remplacé par une décision explicite.,
v32a-cumulative-adoc-1re-03-16,supprimée,Attribution de titres à des extraits ; faible transfert.,enonce_long
v34-association-raisonnee-0541,supprimée,"Association de titres et définitions, indices lexicaux, distracteurs permutés.",
v34-association-raisonnee-0542,supprimée,"Association de titres et définitions, indices lexicaux, distracteurs permutés.",
v34-association-raisonnee-0543,supprimée,"Association de titres et définitions, indices lexicaux, distracteurs permutés.",choix_long
v34-association-raisonnee-8999,supprimée,"Association de titres et définitions, indices lexicaux, distracteurs permutés.",
v34-association-raisonnee-9000,supprimée,"Association de titres et définitions, indices lexicaux, distracteurs permutés.",choix_long
v34-diagnostic-formule-0554,supprimée,"Objectif formulé comme un titre de cours, choix longs et répétitifs.",
v34-diagnostic-formule-0556,supprimée,"Objectif formulé comme un titre de cours, choix longs et répétitifs.",
v34-diagnostic-formule-0559,supprimée,"Objectif formulé comme un titre de cours, choix longs et répétitifs.",choix_long
v34-diagnostic-formule-0561,supprimée,"Objectif formulé comme un titre de cours, choix longs et répétitifs.",choix_long
v34-diagnostic-formule-0567,supprimée,"Objectif formulé comme un titre de cours, choix longs et répétitifs.",
v34-diagnostic-formule-0572,supprimée,"Objectif formulé comme un titre de cours, choix longs et répétitifs.",
v34-diagnostic-formule-0576,supprimée,"Objectif formulé comme un titre de cours, choix longs et répétitifs.",
v34-diagnostic-formule-0578,supprimée,"Objectif formulé comme un titre de cours, choix longs et répétitifs.",
v34-double-raisonnement-0546,supprimée,"Permutation de deux définitions, raisonnement professionnel non démontré.",enonce_long
v34-double-raisonnement-0549,supprimée,"Permutation de deux définitions, raisonnement professionnel non démontré.",
v31-cross-adoc-1re-3-14-3-1,supprimée,Définitions recopiées et propositions par permutation.,choix_long
v32a-cumulative-adoc-1re-03-17,supprimée,Attribution de titres à des extraits ; faible transfert.,enonce_long
v34-association-raisonnee-0581,supprimée,"Association de titres et définitions, indices lexicaux, distracteurs permutés.",choix_long
v34-association-raisonnee-0583,supprimée,"Association de titres et définitions, indices lexicaux, distracteurs permutés.",choix_long
v34-association-raisonnee-0584,supprimée,"Association de titres et définitions, indices lexicaux, distracteurs permutés.",choix_long
v34-association-raisonnee-0585,supprimée,"Association de titres et définitions, indices lexicaux, distracteurs permutés.",
v34-association-raisonnee-0586,supprimée,"Association de titres et définitions, indices lexicaux, distracteurs permutés.",
v34-diagnostic-formule-0635,supprimée,"Objectif formulé comme un titre de cours, choix longs et répétitifs.",choix_long
v34-diagnostic-formule-0641,supprimée,"Objectif formulé comme un titre de cours, choix longs et répétitifs.",
v34-diagnostic-formule-0651,supprimée,"Objectif formulé comme un titre de cours, choix longs et répétitifs.",
v34-distinction-raisonnee-0598,supprimée,Juxtaposition de définitions ; reconstruction nécessaire.,choix_long
v34-distinction-raisonnee-0612,supprimée,Juxtaposition de définitions ; reconstruction nécessaire.,choix_long
v34-double-raisonnement-0599,supprimée,"Permutation de deux définitions, raisonnement professionnel non démontré.",enonce_long
v34-double-raisonnement-0617,supprimée,"Permutation de deux définitions, raisonnement professionnel non démontré.",enonce_long
v34-triple-raisonnement-0601,supprimée,"Permutation de trois définitions, lecture trop longue et niveau artificiel.",enonce_long
v34-triple-raisonnement-0602,supprimée,"Permutation de trois définitions, lecture trop longue et niveau artificiel.",enonce_long
v34-triple-raisonnement-0604,supprimée,"Permutation de trois définitions, lecture trop longue et niveau artificiel.",enonce_long
v34-triple-raisonnement-0628,supprimée,"Permutation de trois définitions, lecture trop longue et niveau artificiel.",enonce_long
v31-cross-adoc-1re-3-17-3-1,supprimée,Définitions recopiées et propositions par permutation.,choix_long
v32a-pair-adoc-1re-03-19-1,supprimée,Diagnostic de titres de cours et associations artificielles.,
v34-association-raisonnee-0659,supprimée,"Association de titres et définitions, indices lexicaux, distracteurs permutés.",
v34-association-raisonnee-0660,supprimée,"Association de titres et définitions, indices lexicaux, distracteurs permutés.",choix_long
v34-association-raisonnee-0661,supprimée,"Association de titres et définitions, indices lexicaux, distracteurs permutés.",
v34-association-raisonnee-0662,supprimée,"Association de titres et définitions, indices lexicaux, distracteurs permutés.",
v34-association-raisonnee-0663,supprimée,"Association de titres et définitions, indices lexicaux, distracteurs permutés.",
v34-diagnostic-formule-0715,supprimée,"Objectif formulé comme un titre de cours, choix longs et répétitifs.",
v34-diagnostic-formule-0719,supprimée,"Objectif formulé comme un titre de cours, choix longs et répétitifs.",
v34-diagnostic-formule-0727,supprimée,"Objectif formulé comme un titre de cours, choix longs et répétitifs.",
v34-distinction-raisonnee-0692,supprimée,Juxtaposition de définitions ; reconstruction nécessaire.,choix_long
v34-double-raisonnement-0673,supprimée,"Permutation de deux définitions, raisonnement professionnel non démontré.",enonce_long
v34-double-raisonnement-0675,supprimée,"Permutation de deux définitions, raisonnement professionnel non démontré.",enonce_long
v34-double-raisonnement-0691,supprimée,"Permutation de deux définitions, raisonnement professionnel non démontré.",
v34-triple-raisonnement-0677,supprimée,"Permutation de trois définitions, lecture trop longue et niveau artificiel.",enonce_long
v34-triple-raisonnement-0683,supprimée,"Permutation de trois définitions, lecture trop longue et niveau artificiel.",enonce_long
v34-triple-raisonnement-0701,supprimée,"Permutation de trois définitions, lecture trop longue et niveau artificiel.",enonce_long
v34-triple-raisonnement-0703,supprimée,"Permutation de trois définitions, lecture trop longue et niveau artificiel.",enonce_long
v34-s20-01,supprimée,"Association de titres et définitions, indices lexicaux, distracteurs permutés.",
v34-s20-02,supprimée,Juxtaposition de définitions ; reconstruction nécessaire.,
v34-s20-03,supprimée,Juxtaposition de définitions ; reconstruction nécessaire.,
v34-s20-04,supprimée,"Association de titres et définitions, indices lexicaux, distracteurs permutés.",
v34-s20-05,supprimée,"Association de titres et définitions, indices lexicaux, distracteurs permutés.",
v34-s20-06,supprimée,Juxtaposition de définitions ; reconstruction nécessaire.,
v34-s20-07,supprimée,Mini-cas souvent suivi de titres de cours ou ordre arbitraire ; remplacé par une décision explicite.,
v34-s20-08,supprimée,Mini-cas souvent suivi de titres de cours ou ordre arbitraire ; remplacé par une décision explicite.,
v34-s20-09,supprimée,Mini-cas souvent suivi de titres de cours ou ordre arbitraire ; remplacé par une décision explicite.,
v34-s20-10,supprimée,Mini-cas souvent suivi de titres de cours ou ordre arbitraire ; remplacé par une décision explicite.,
v34-s20-11,supprimée,Mini-cas souvent suivi de titres de cours ou ordre arbitraire ; remplacé par une décision explicite.,
v34-s20-12,supprimée,Mini-cas souvent suivi de titres de cours ou ordre arbitraire ; remplacé par une décision explicite.,
v34-s20-13,supprimée,Mini-cas souvent suivi de titres de cours ou ordre arbitraire ; remplacé par une décision explicite.,
v34-s20-14,supprimée,Mini-cas souvent suivi de titres de cours ou ordre arbitraire ; remplacé par une décision explicite.,
v34-s20-15,supprimée,Mini-cas souvent suivi de titres de cours ou ordre arbitraire ; remplacé par une décision explicite.,
v34-s20-16,supprimée,Distracteurs manifestement absurdes ou conclusions trop absolues.,
v34-s20-17,supprimée,"Permutation de trois définitions, lecture trop longue et niveau artificiel.",
v34-s20-18,supprimée,"Permutation de trois définitions, lecture trop longue et niveau artificiel.",
v34-s20-19,supprimée,Distracteurs manifestement absurdes ou conclusions trop absolues.,
v34-s20-20,supprimée,Distracteurs manifestement absurdes ou conclusions trop absolues.,
v34-s20-21,supprimée,Distracteurs manifestement absurdes ou conclusions trop absolues.,
v34-s20-22,supprimée,Juxtaposition de définitions ; reconstruction nécessaire.,choix_long
v34-s20-23,supprimée,Juxtaposition de définitions ; reconstruction nécessaire.,
v34-s20-24,supprimée,Juxtaposition de définitions ; reconstruction nécessaire.,
v31-example-adoc-1re-4-6,supprimée,Mini-cas souvent suivi de titres de cours ou ordre arbitraire ; remplacé par une décision explicite.,
v31-pair-adoc-1re-4-6-4-7,supprimée,Définitions recopiées et propositions par permutation.,choix_long
v31-paircase-adoc-1re-4-6-4-7,supprimée,Définitions recopiées et propositions par permutation.,choix_long
v34-double-raisonnement-0733,supprimée,"Permutation de deux définitions, raisonnement professionnel non démontré.",
v34-double-raisonnement-0734,supprimée,"Permutation de deux définitions, raisonnement professionnel non démontré.",
v34-double-raisonnement-0736,supprimée,"Permutation de deux définitions, raisonnement professionnel non démontré.",
v34-double-raisonnement-0737,supprimée,"Permutation de deux définitions, raisonnement professionnel non démontré.",
v34-double-raisonnement-9001,supprimée,"Permutation de deux définitions, raisonnement professionnel non démontré.",
v34-double-raisonnement-9002,supprimée,"Permutation de deux définitions, raisonnement professionnel non démontré.",
v34-triple-raisonnement-0735,supprimée,"Permutation de trois définitions, lecture trop longue et niveau artificiel.",enonce_long
v34-triple-raisonnement-0738,supprimée,"Permutation de trois définitions, lecture trop longue et niveau artificiel.",enonce_long
v34-triple-raisonnement-9003,supprimée,"Permutation de trois définitions, lecture trop longue et niveau artificiel.",enonce_long
v34-triple-raisonnement-9004,supprimée,"Permutation de trois définitions, lecture trop longue et niveau artificiel.",enonce_long
v34-association-raisonnee-0739,supprimée,"Association de titres et définitions, indices lexicaux, distracteurs permutés.",
v34-association-raisonnee-9005,supprimée,"Association de titres et définitions, indices lexicaux, distracteurs permutés.",
v34-association-raisonnee-9006,supprimée,"Association de titres et définitions, indices lexicaux, distracteurs permutés.",
v34-association-raisonnee-9007,supprimée,"Association de titres et définitions, indices lexicaux, distracteurs permutés.",
v34-double-raisonnement-0740,supprimée,"Permutation de deux définitions, raisonnement professionnel non démontré.",
v34-double-raisonnement-0741,supprimée,"Permutation de deux définitions, raisonnement professionnel non démontré.",
v34-double-raisonnement-0742,supprimée,"Permutation de deux définitions, raisonnement professionnel non démontré.",
v34-double-raisonnement-9008,supprimée,"Permutation de deux définitions, raisonnement professionnel non démontré.",
v34-double-raisonnement-9009,supprimée,"Permutation de deux définitions, raisonnement professionnel non démontré.",
v34-double-raisonnement-9010,supprimée,"Permutation de deux définitions, raisonnement professionnel non démontré.",
v34-triple-raisonnement-9011,supprimée,"Permutation de trois définitions, lecture trop longue et niveau artificiel.",enonce_long
v34-triple-raisonnement-9012,supprimée,"Permutation de trois définitions, lecture trop longue et niveau artificiel.",enonce_long
v34-triple-raisonnement-9013,supprimée,"Permutation de trois définitions, lecture trop longue et niveau artificiel.",enonce_long
v31-cross-adoc-1re-4-13-4-7,supprimée,Définitions recopiées et propositions par permutation.,choix_long
v31-example-adoc-1re-4-13,supprimée,Mini-cas souvent suivi de titres de cours ou ordre arbitraire ; remplacé par une décision explicite.,enonce_long
v32a-pair-adoc-1re-04-23-1,supprimée,Diagnostic de titres de cours et associations artificielles.,enonce_long
v32a-pair-adoc-1re-04-23-2,supprimée,Diagnostic de titres de cours et associations artificielles.,enonce_long
v32a-pair-adoc-1re-04-23-3,supprimée,Diagnostic de titres de cours et associations artificielles.,enonce_long
v34-association-raisonnee-0743,supprimée,"Association de titres et définitions, indices lexicaux, distracteurs permutés.",choix_long
v34-association-raisonnee-0744,supprimée,"Association de titres et définitions, indices lexicaux, distracteurs permutés.",
v34-association-raisonnee-0745,supprimée,"Association de titres et définitions, indices lexicaux, distracteurs permutés.",choix_long
v34-association-raisonnee-9014,supprimée,"Association de titres et définitions, indices lexicaux, distracteurs permutés.",choix_long
v34-association-raisonnee-9015,supprimée,"Association de titres et définitions, indices lexicaux, distracteurs permutés.",
v34-double-raisonnement-0746,supprimée,"Permutation de deux définitions, raisonnement professionnel non démontré.",enonce_long
v34-double-raisonnement-0751,supprimée,"Permutation de deux définitions, raisonnement professionnel non démontré.",enonce_long
v34-double-raisonnement-0753,supprimée,"Permutation de deux définitions, raisonnement professionnel non démontré.",
v34-double-raisonnement-0754,supprimée,"Permutation de deux définitions, raisonnement professionnel non démontré.",
v34-triple-raisonnement-9016,supprimée,"Permutation de trois définitions, lecture trop longue et niveau artificiel.",enonce_long
v34-triple-raisonnement-9017,supprimée,"Permutation de trois définitions, lecture trop longue et niveau artificiel.",enonce_long
v34-triple-raisonnement-9018,supprimée,"Permutation de trois définitions, lecture trop longue et niveau artificiel.",enonce_long
v34-triple-raisonnement-9019,supprimée,"Permutation de trois définitions, lecture trop longue et niveau artificiel.",enonce_long
v32a-pair-adoc-1re-04-24-1,supprimée,Diagnostic de titres de cours et associations artificielles.,enonce_long
v32a-pair-adoc-1re-04-24-2,supprimée,Diagnostic de titres de cours et associations artificielles.,enonce_long
v32a-pair-adoc-1re-04-24-3,supprimée,Diagnostic de titres de cours et associations artificielles.,enonce_long
v34-association-raisonnee-0765,supprimée,"Association de titres et définitions, indices lexicaux, distracteurs permutés.",choix_long
v34-association-raisonnee-0766,supprimée,"Association de titres et définitions, indices lexicaux, distracteurs permutés.",choix_long
v34-association-raisonnee-0770,supprimée,"Association de titres et définitions, indices lexicaux, distracteurs permutés.",choix_long
v34-association-raisonnee-0771,supprimée,"Association de titres et définitions, indices lexicaux, distracteurs permutés.",choix_long
v34-association-raisonnee-0772,supprimée,"Association de titres et définitions, indices lexicaux, distracteurs permutés.",choix_long
v34-double-raisonnement-0774,supprimée,"Permutation de deux définitions, raisonnement professionnel non démontré.",enonce_long
v34-double-raisonnement-0775,supprimée,"Permutation de deux définitions, raisonnement professionnel non démontré.",enonce_long
v34-double-raisonnement-0780,supprimée,"Permutation de deux définitions, raisonnement professionnel non démontré.",enonce_long
v34-double-raisonnement-0799,supprimée,"Permutation de deux définitions, raisonnement professionnel non démontré.",enonce_long
v34-double-raisonnement-0802,supprimée,"Permutation de deux définitions, raisonnement professionnel non démontré.",enonce_long
v34-triple-raisonnement-9020,supprimée,"Permutation de trois définitions, lecture trop longue et niveau artificiel.",enonce_long
v34-triple-raisonnement-9021,supprimée,"Permutation de trois définitions, lecture trop longue et niveau artificiel.",enonce_long
v34-triple-raisonnement-9022,supprimée,"Permutation de trois définitions, lecture trop longue et niveau artificiel.",enonce_long
v34-triple-raisonnement-9023,supprimée,"Permutation de trois définitions, lecture trop longue et niveau artificiel.",enonce_long
v34-triple-raisonnement-9024,supprimée,"Permutation de trois définitions, lecture trop longue et niveau artificiel.",enonce_long
v32a-cumulative-adoc-1re-04-25,supprimée,Attribution de titres à des extraits ; faible transfert.,enonce_long
v34-association-raisonnee-0804,supprimée,"Association de titres et définitions, indices lexicaux, distracteurs permutés.",
v34-association-raisonnee-0805,supprimée,"Association de titres et définitions, indices lexicaux, distracteurs permutés.",
v34-association-raisonnee-0806,supprimée,"Association de titres et définitions, indices lexicaux, distracteurs permutés.",choix_long
v34-association-raisonnee-0808,supprimée,"Association de titres et définitions, indices lexicaux, distracteurs permutés.",
v34-association-raisonnee-0809,supprimée,"Association de titres et définitions, indices lexicaux, distracteurs permutés.",choix_long
v34-double-raisonnement-0810,supprimée,"Permutation de deux définitions, raisonnement professionnel non démontré.",
v34-double-raisonnement-0811,supprimée,"Permutation de deux définitions, raisonnement professionnel non démontré.",
v34-double-raisonnement-0812,supprimée,"Permutation de deux définitions, raisonnement professionnel non démontré.",
v34-double-raisonnement-0815,supprimée,"Permutation de deux définitions, raisonnement professionnel non démontré.",enonce_long
v34-double-raisonnement-0820,supprimée,"Permutation de deux définitions, raisonnement professionnel non démontré.",
v34-double-raisonnement-0821,supprimée,"Permutation de deux définitions, raisonnement professionnel non démontré.",
v34-double-raisonnement-0824,supprimée,"Permutation de deux définitions, raisonnement professionnel non démontré.",enonce_long
v34-triple-raisonnement-0817,supprimée,"Permutation de trois définitions, lecture trop longue et niveau artificiel.",enonce_long
v34-triple-raisonnement-0818,supprimée,"Permutation de trois définitions, lecture trop longue et niveau artificiel.",enonce_long
v34-triple-raisonnement-0825,supprimée,"Permutation de trois définitions, lecture trop longue et niveau artificiel.",enonce_long
v34-triple-raisonnement-0826,supprimée,"Permutation de trois définitions, lecture trop longue et niveau artificiel.",enonce_long
v34-triple-raisonnement-0827,supprimée,"Permutation de trois définitions, lecture trop longue et niveau artificiel.",enonce_long
hard-formula-0033,supprimée,"Formules répétées, bases parfois implicites et corrections récitées ; remplacement sélectif avec justification.",
v31-caseaction-adoc-1re-4-27,supprimée,Mini-cas souvent suivi de titres de cours ou ordre arbitraire ; remplacé par une décision explicite.,
v31-method-adoc-1re-4-27,supprimée,Ordre des premières opérations souvent non unique ; propositions mécaniquement inversées.,choix_long
v34-association-raisonnee-0828,supprimée,"Association de titres et définitions, indices lexicaux, distracteurs permutés.",
v34-association-raisonnee-0829,supprimée,"Association de titres et définitions, indices lexicaux, distracteurs permutés.",
v34-association-raisonnee-0830,supprimée,"Association de titres et définitions, indices lexicaux, distracteurs permutés.",choix_long
v34-association-raisonnee-9025,supprimée,"Association de titres et définitions, indices lexicaux, distracteurs permutés.",
v34-association-raisonnee-9026,supprimée,"Association de titres et définitions, indices lexicaux, distracteurs permutés.",choix_long
v34-double-raisonnement-0831,supprimée,"Permutation de deux définitions, raisonnement professionnel non démontré.",
v34-double-raisonnement-0832,supprimée,"Permutation de deux définitions, raisonnement professionnel non démontré.",
v34-double-raisonnement-0833,supprimée,"Permutation de deux définitions, raisonnement professionnel non démontré.",
v34-double-raisonnement-0834,supprimée,"Permutation de deux définitions, raisonnement professionnel non démontré.",
v34-double-raisonnement-0835,supprimée,"Permutation de deux définitions, raisonnement professionnel non démontré.",enonce_long
v34-double-raisonnement-9027,supprimée,"Permutation de deux définitions, raisonnement professionnel non démontré.",
v34-triple-raisonnement-9028,supprimée,"Permutation de trois définitions, lecture trop longue et niveau artificiel.",
v34-triple-raisonnement-9029,supprimée,"Permutation de trois définitions, lecture trop longue et niveau artificiel.",
v34-triple-raisonnement-9030,supprimée,"Permutation de trois définitions, lecture trop longue et niveau artificiel.",
v34-triple-raisonnement-9031,supprimée,"Permutation de trois définitions, lecture trop longue et niveau artificiel.",enonce_long
v32a-pair-adoc-1re-04-28-1,supprimée,Diagnostic de titres de cours et associations artificielles.,enonce_long
v34-association-raisonnee-9032,supprimée,"Association de titres et définitions, indices lexicaux, distracteurs permutés.",choix_long
v34-association-raisonnee-9033,supprimée,"Association de titres et définitions, indices lexicaux, distracteurs permutés.",choix_long
v34-association-raisonnee-9034,supprimée,"Association de titres et définitions, indices lexicaux, distracteurs permutés.",
v34-association-raisonnee-9035,supprimée,"Association de titres et définitions, indices lexicaux, distracteurs permutés.",
v34-association-raisonnee-9036,supprimée,"Association de titres et définitions, indices lexicaux, distracteurs permutés.",choix_long
v34-double-raisonnement-0836,supprimée,"Permutation de deux définitions, raisonnement professionnel non démontré.",enonce_long
v34-double-raisonnement-0837,supprimée,"Permutation de deux définitions, raisonnement professionnel non démontré.",
v34-double-raisonnement-0838,supprimée,"Permutation de deux définitions, raisonnement professionnel non démontré.",
v34-double-raisonnement-0839,supprimée,"Permutation de deux définitions, raisonnement professionnel non démontré.",enonce_long
v34-double-raisonnement-0840,supprimée,"Permutation de deux définitions, raisonnement professionnel non démontré.",
v34-double-raisonnement-0841,supprimée,"Permutation de deux définitions, raisonnement professionnel non démontré.",
v34-double-raisonnement-9037,supprimée,"Permutation de deux définitions, raisonnement professionnel non démontré.",
v34-triple-raisonnement-9038,supprimée,"Permutation de trois définitions, lecture trop longue et niveau artificiel.",enonce_long
v34-triple-raisonnement-9039,supprimée,"Permutation de trois définitions, lecture trop longue et niveau artificiel.",enonce_long
v34-triple-raisonnement-9040,supprimée,"Permutation de trois définitions, lecture trop longue et niveau artificiel.",enonce_long
v34-triple-raisonnement-9041,supprimée,"Permutation de trois définitions, lecture trop longue et niveau artificiel.",enonce_long
v34-triple-raisonnement-9042,supprimée,"Permutation de trois définitions, lecture trop longue et niveau artificiel.",enonce_long
v31-pair-adoc-1re-5-1-5-2,supprimée,Définitions recopiées et propositions par permutation.,choix_long
v31-pair-adoc-1re-5-1-5-4,supprimée,Définitions recopiées et propositions par permutation.,choix_long
v31-pair-adoc-1re-5-2-5-4,supprimée,Définitions recopiées et propositions par permutation.,choix_long
v32a-pair-adoc-1re-05-29-1,supprimée,Diagnostic de titres de cours et associations artificielles.,
v32a-pair-adoc-1re-05-29-2,supprimée,Diagnostic de titres de cours et associations artificielles.,
v32a-pair-adoc-1re-05-29-3,supprimée,Diagnostic de titres de cours et associations artificielles.,
v32a-triple-adoc-1re-05-29-1,supprimée,Attribution mécanique de trois titres.,enonce_long
v34-association-raisonnee-0842,supprimée,"Association de titres et définitions, indices lexicaux, distracteurs permutés.",
v34-association-raisonnee-0843,supprimée,"Association de titres et définitions, indices lexicaux, distracteurs permutés.",
v34-association-raisonnee-0847,supprimée,"Association de titres et définitions, indices lexicaux, distracteurs permutés.",
v34-association-raisonnee-0848,supprimée,"Association de titres et définitions, indices lexicaux, distracteurs permutés.",
v34-association-raisonnee-0849,supprimée,"Association de titres et définitions, indices lexicaux, distracteurs permutés.",
v34-double-raisonnement-0850,supprimée,"Permutation de deux définitions, raisonnement professionnel non démontré.",
v34-double-raisonnement-0858,supprimée,"Permutation de deux définitions, raisonnement professionnel non démontré.",enonce_long
v34-double-raisonnement-0862,supprimée,"Permutation de deux définitions, raisonnement professionnel non démontré.",enonce_long
v34-double-raisonnement-0863,supprimée,"Permutation de deux définitions, raisonnement professionnel non démontré.",
v34-double-raisonnement-0868,supprimée,"Permutation de deux définitions, raisonnement professionnel non démontré.",enonce_long
v34-triple-raisonnement-0872,supprimée,"Permutation de trois définitions, lecture trop longue et niveau artificiel.",enonce_long
hard-formula-0035,supprimée,"Formules répétées, bases parfois implicites et corrections récitées ; remplacement sélectif avec justification.",
v31-casevigilance-adoc-1re-5-11,supprimée,Mini-cas souvent suivi de titres de cours ou ordre arbitraire ; remplacé par une décision explicite.,choix_long
v31-example-adoc-1re-5-18,supprimée,Mini-cas souvent suivi de titres de cours ou ordre arbitraire ; remplacé par une décision explicite.,
v31-example-adoc-1re-5-20,supprimée,Mini-cas souvent suivi de titres de cours ou ordre arbitraire ; remplacé par une décision explicite.,
v31-pair-adoc-1re-5-12-5-13,supprimée,Définitions recopiées et propositions par permutation.,choix_long
v31-pair-adoc-1re-5-12-5-16,supprimée,Définitions recopiées et propositions par permutation.,choix_long
v31-pair-adoc-1re-5-12-5-20,supprimée,Définitions recopiées et propositions par permutation.,choix_long
v31-pair-adoc-1re-5-13-5-16,supprimée,Définitions recopiées et propositions par permutation.,choix_long
v31-pair-adoc-1re-5-13-5-20,supprimée,Définitions recopiées et propositions par permutation.,choix_long
v31-pair-adoc-1re-5-6-5-12,supprimée,Définitions recopiées et propositions par permutation.,choix_long
v31-pair-adoc-1re-5-6-5-13,supprimée,Définitions recopiées et propositions par permutation.,choix_long
v31-pair-adoc-1re-5-6-5-16,supprimée,Définitions recopiées et propositions par permutation.,choix_long
v31-pair-adoc-1re-5-6-5-20,supprimée,Définitions recopiées et propositions par permutation.,choix_long
v32a-pair-adoc-1re-05-30-1,supprimée,Diagnostic de titres de cours et associations artificielles.,enonce_long
v32a-pair-adoc-1re-05-30-2,supprimée,Diagnostic de titres de cours et associations artificielles.,enonce_long
v32a-pair-adoc-1re-05-30-3,supprimée,Diagnostic de titres de cours et associations artificielles.,enonce_long
v32a-pair-adoc-1re-05-30-4,supprimée,Diagnostic de titres de cours et associations artificielles.,enonce_long
v32a-triple-adoc-1re-05-30-1,supprimée,Attribution mécanique de trois titres.,enonce_long
v32a-triple-adoc-1re-05-30-2,supprimée,Attribution mécanique de trois titres.,enonce_long
v34-association-raisonnee-0884,supprimée,"Association de titres et définitions, indices lexicaux, distracteurs permutés.",
v34-association-raisonnee-0895,supprimée,"Association de titres et définitions, indices lexicaux, distracteurs permutés.",
v34-association-raisonnee-0925,supprimée,"Association de titres et définitions, indices lexicaux, distracteurs permutés.",choix_long
v34-association-raisonnee-0952,supprimée,"Association de titres et définitions, indices lexicaux, distracteurs permutés.",
v34-association-raisonnee-0959,supprimée,"Association de titres et définitions, indices lexicaux, distracteurs permutés.",choix_long
v34-double-raisonnement-0972,supprimée,"Permutation de deux définitions, raisonnement professionnel non démontré.",enonce_long
hard-formula-0037,supprimée,"Formules répétées, bases parfois implicites et corrections récitées ; remplacement sélectif avec justification.",
hard-formula-0039,supprimée,"Formules répétées, bases parfois implicites et corrections récitées ; remplacement sélectif avec justification.",
hard-formula-0041,supprimée,"Formules répétées, bases parfois implicites et corrections récitées ; remplacement sélectif avec justification.",
v31-caseaction-adoc-1re-5-21,supprimée,Mini-cas souvent suivi de titres de cours ou ordre arbitraire ; remplacé par une décision explicite.,
v31-cross-adoc-1re-5-22-5-1,supprimée,Définitions recopiées et propositions par permutation.,choix_long
v31-example-adoc-1re-5-21,supprimée,Mini-cas souvent suivi de titres de cours ou ordre arbitraire ; remplacé par une décision explicite.,
v31-method-adoc-1re-5-21,supprimée,Ordre des premières opérations souvent non unique ; propositions mécaniquement inversées.,choix_long
v32a-cumulative-adoc-1re-05-32,supprimée,Attribution de titres à des extraits ; faible transfert.,enonce_long
v32a-formpair-adoc-1re-05-32-1,supprimée,Paires de formules répétées ; reconstruction sélective.,
v32a-formpair-adoc-1re-05-32-2,supprimée,Paires de formules répétées ; reconstruction sélective.,
v32a-formpair-adoc-1re-05-32-3,supprimée,Paires de formules répétées ; reconstruction sélective.,
v34-association-raisonnee-1134,supprimée,"Association de titres et définitions, indices lexicaux, distracteurs permutés.",
v34-association-raisonnee-1135,supprimée,"Association de titres et définitions, indices lexicaux, distracteurs permutés.",
v34-association-raisonnee-1136,supprimée,"Association de titres et définitions, indices lexicaux, distracteurs permutés.",
v34-association-raisonnee-9043,supprimée,"Association de titres et définitions, indices lexicaux, distracteurs permutés.",
v34-association-raisonnee-9044,supprimée,"Association de titres et définitions, indices lexicaux, distracteurs permutés.",
v34-diagnostic-formule-1145,supprimée,"Objectif formulé comme un titre de cours, choix longs et répétitifs.",choix_long
v34-diagnostic-formule-1149,supprimée,"Objectif formulé comme un titre de cours, choix longs et répétitifs.",choix_long
v34-diagnostic-formule-1153,supprimée,"Objectif formulé comme un titre de cours, choix longs et répétitifs.",choix_long
v31-example-adoc-1re-5-28,supprimée,Mini-cas souvent suivi de titres de cours ou ordre arbitraire ; remplacé par une décision explicite.,enonce_long
v31-pair-adoc-1re-5-24-5-27,supprimée,Définitions recopiées et propositions par permutation.,choix_long
v32a-pair-adoc-1re-05-33-1,supprimée,Diagnostic de titres de cours et associations artificielles.,enonce_long
v32a-pair-adoc-1re-05-33-2,supprimée,Diagnostic de titres de cours et associations artificielles.,enonce_long
v32a-pair-adoc-1re-05-33-3,supprimée,Diagnostic de titres de cours et associations artificielles.,enonce_long
v32a-pair-adoc-1re-05-33-4,supprimée,Diagnostic de titres de cours et associations artificielles.,enonce_long
v34-association-raisonnee-1154,supprimée,"Association de titres et définitions, indices lexicaux, distracteurs permutés.",
v34-association-raisonnee-1158,supprimée,"Association de titres et définitions, indices lexicaux, distracteurs permutés.",choix_long
v34-association-raisonnee-1160,supprimée,"Association de titres et définitions, indices lexicaux, distracteurs permutés.",choix_long
v34-association-raisonnee-1164,supprimée,"Association de titres et définitions, indices lexicaux, distracteurs permutés.",
v34-association-raisonnee-1166,supprimée,"Association de titres et définitions, indices lexicaux, distracteurs permutés.",choix_long
v34-diagnostic-formule-1240,supprimée,"Objectif formulé comme un titre de cours, choix longs et répétitifs.",choix_long
v34-diagnostic-formule-1242,supprimée,"Objectif formulé comme un titre de cours, choix longs et répétitifs.",choix_long
v34-distinction-raisonnee-1194,supprimée,Juxtaposition de définitions ; reconstruction nécessaire.,choix_long
v34-double-raisonnement-1181,supprimée,"Permutation de deux définitions, raisonnement professionnel non démontré.",enonce_long
v34-double-raisonnement-1211,supprimée,"Permutation de deux définitions, raisonnement professionnel non démontré.",enonce_long
v34-triple-raisonnement-1203,supprimée,"Permutation de trois définitions, lecture trop longue et niveau artificiel.",enonce_long
v34-triple-raisonnement-1216,supprimée,"Permutation de trois définitions, lecture trop longue et niveau artificiel.",enonce_long
v31-cross-adoc-1re-5-33-5-1,supprimée,Définitions recopiées et propositions par permutation.,choix_long
v32a-pair-adoc-1re-05-34-1,supprimée,Diagnostic de titres de cours et associations artificielles.,enonce_long
v32a-pair-adoc-1re-05-34-2,supprimée,Diagnostic de titres de cours et associations artificielles.,enonce_long
v32a-pair-adoc-1re-05-34-3,supprimée,Diagnostic de titres de cours et associations artificielles.,enonce_long
v32a-pair-adoc-1re-05-34-4,supprimée,Diagnostic de titres de cours et associations artificielles.,enonce_long
v32a-triple-adoc-1re-05-34-1,supprimée,Attribution mécanique de trois titres.,enonce_long
v34-association-raisonnee-1255,supprimée,"Association de titres et définitions, indices lexicaux, distracteurs permutés.",choix_long
v34-association-raisonnee-1257,supprimée,"Association de titres et définitions, indices lexicaux, distracteurs permutés.",choix_long
v34-association-raisonnee-1267,supprimée,"Association de titres et définitions, indices lexicaux, distracteurs permutés.",
v34-association-raisonnee-1340,supprimée,"Association de titres et définitions, indices lexicaux, distracteurs permutés.",
v34-association-raisonnee-1341,supprimée,"Association de titres et définitions, indices lexicaux, distracteurs permutés.",choix_long
v34-diagnostic-formule-1565,supprimée,"Objectif formulé comme un titre de cours, choix longs et répétitifs.",choix_long
v34-diagnostic-formule-1576,supprimée,"Objectif formulé comme un titre de cours, choix longs et répétitifs.",choix_long
v34-distinction-raisonnee-1511,supprimée,Juxtaposition de définitions ; reconstruction nécessaire.,choix_long
v34-double-raisonnement-1355,supprimée,"Permutation de deux définitions, raisonnement professionnel non démontré.",enonce_long
v34-double-raisonnement-1498,supprimée,"Permutation de deux définitions, raisonnement professionnel non démontré.",enonce_long
v34-triple-raisonnement-1378,supprimée,"Permutation de trois définitions, lecture trop longue et niveau artificiel.",enonce_long
v34-triple-raisonnement-1521,supprimée,"Permutation de trois définitions, lecture trop longue et niveau artificiel.",enonce_long
hard-formula-0043,supprimée,"Formules répétées, bases parfois implicites et corrections récitées ; remplacement sélectif avec justification.",
hard-formula-0045,supprimée,"Formules répétées, bases parfois implicites et corrections récitées ; remplacement sélectif avec justification.",
v31-caseaction-adoc-2e-1-2,supprimée,Mini-cas souvent suivi de titres de cours ou ordre arbitraire ; remplacé par une décision explicite.,
v31-casevigilance-adoc-2e-1-1,supprimée,Mini-cas souvent suivi de titres de cours ou ordre arbitraire ; remplacé par une décision explicite.,
v31-casevigilance-adoc-2e-1-2,supprimée,Mini-cas souvent suivi de titres de cours ou ordre arbitraire ; remplacé par une décision explicite.,
v31-example-adoc-2e-1-2,supprimée,Mini-cas souvent suivi de titres de cours ou ordre arbitraire ; remplacé par une décision explicite.,
v31-method-adoc-2e-1-1,supprimée,Ordre des premières opérations souvent non unique ; propositions mécaniquement inversées.,choix_long
v31-method-adoc-2e-1-2,supprimée,Ordre des premières opérations souvent non unique ; propositions mécaniquement inversées.,choix_long
v34-double-raisonnement-1577,supprimée,"Permutation de deux définitions, raisonnement professionnel non démontré.",enonce_long
v34-double-raisonnement-1578,supprimée,"Permutation de deux définitions, raisonnement professionnel non démontré.",enonce_long
v34-double-raisonnement-9045,supprimée,"Permutation de deux définitions, raisonnement professionnel non démontré.",enonce_long
v34-double-raisonnement-9046,supprimée,"Permutation de deux définitions, raisonnement professionnel non démontré.",enonce_long
v31-caseaction-adoc-2e-1-3,supprimée,Mini-cas souvent suivi de titres de cours ou ordre arbitraire ; remplacé par une décision explicite.,
v31-casevigilance-adoc-2e-1-3,supprimée,Mini-cas souvent suivi de titres de cours ou ordre arbitraire ; remplacé par une décision explicite.,
hard-formula-0047,supprimée,"Formules répétées, bases parfois implicites et corrections récitées ; remplacement sélectif avec justification.",
hard-formula-0049,supprimée,"Formules répétées, bases parfois implicites et corrections récitées ; remplacement sélectif avec justification.",
hard-formula-0051,supprimée,"Formules répétées, bases parfois implicites et corrections récitées ; remplacement sélectif avec justification.",
v31-caseaction-adoc-2e-1-4,supprimée,Mini-cas souvent suivi de titres de cours ou ordre arbitraire ; remplacé par une décision explicite.,
v31-casevigilance-adoc-2e-1-4,supprimée,Mini-cas souvent suivi de titres de cours ou ordre arbitraire ; remplacé par une décision explicite.,
v31-example-adoc-2e-1-4,supprimée,Mini-cas souvent suivi de titres de cours ou ordre arbitraire ; remplacé par une décision explicite.,
v31-method-adoc-2e-1-4,supprimée,Ordre des premières opérations souvent non unique ; propositions mécaniquement inversées.,choix_long
v32a-formpair-adoc-2e-01-03-1,supprimée,Paires de formules répétées ; reconstruction sélective.,
v32a-formpair-adoc-2e-01-03-2,supprimée,Paires de formules répétées ; reconstruction sélective.,
v32a-formpair-adoc-2e-01-03-3,supprimée,Paires de formules répétées ; reconstruction sélective.,
hard-formula-0053,supprimée,"Formules répétées, bases parfois implicites et corrections récitées ; remplacement sélectif avec justification.",
hard-formula-0055,supprimée,"Formules répétées, bases parfois implicites et corrections récitées ; remplacement sélectif avec justification.",
hard-formula-0057,supprimée,"Formules répétées, bases parfois implicites et corrections récitées ; remplacement sélectif avec justification.",
v31-caseaction-adoc-2e-1-5,supprimée,Mini-cas souvent suivi de titres de cours ou ordre arbitraire ; remplacé par une décision explicite.,
v31-casevigilance-adoc-2e-1-5,supprimée,Mini-cas souvent suivi de titres de cours ou ordre arbitraire ; remplacé par une décision explicite.,
v31-example-adoc-2e-1-5,supprimée,Mini-cas souvent suivi de titres de cours ou ordre arbitraire ; remplacé par une décision explicite.,
v31-method-adoc-2e-1-5,supprimée,Ordre des premières opérations souvent non unique ; propositions mécaniquement inversées.,choix_long
v32a-formpair-adoc-2e-01-05-1,supprimée,Paires de formules répétées ; reconstruction sélective.,
v32a-formpair-adoc-2e-01-05-2,supprimée,Paires de formules répétées ; reconstruction sélective.,
v32a-formpair-adoc-2e-01-05-3,supprimée,Paires de formules répétées ; reconstruction sélective.,
v31-caseaction-adoc-2e-1-6,supprimée,Mini-cas souvent suivi de titres de cours ou ordre arbitraire ; remplacé par une décision explicite.,
v31-casevigilance-adoc-2e-1-6,supprimée,Mini-cas souvent suivi de titres de cours ou ordre arbitraire ; remplacé par une décision explicite.,
v31-cross-adoc-2e-1-6-1-2,supprimée,Définitions recopiées et propositions par permutation.,choix_long
v31-example-adoc-2e-1-6,supprimée,Mini-cas souvent suivi de titres de cours ou ordre arbitraire ; remplacé par une décision explicite.,
v31-method-adoc-2e-1-6,supprimée,Ordre des premières opérations souvent non unique ; propositions mécaniquement inversées.,choix_long
v34-diagnostic-formule-1581,supprimée,"Objectif formulé comme un titre de cours, choix longs et répétitifs.",choix_long
v34-diagnostic-formule-1585,supprimée,"Objectif formulé comme un titre de cours, choix longs et répétitifs.",choix_long
v34-diagnostic-formule-1587,supprimée,"Objectif formulé comme un titre de cours, choix longs et répétitifs.",choix_long
v34-diagnostic-formule-1596,supprimée,"Objectif formulé comme un titre de cours, choix longs et répétitifs.",
v31-caseaction-adoc-2e-1-7,supprimée,Mini-cas souvent suivi de titres de cours ou ordre arbitraire ; remplacé par une décision explicite.,
v31-casevigilance-adoc-2e-1-7,supprimée,Mini-cas souvent suivi de titres de cours ou ordre arbitraire ; remplacé par une décision explicite.,
v31-casevigilance-adoc-2e-1-8,supprimée,Mini-cas souvent suivi de titres de cours ou ordre arbitraire ; remplacé par une décision explicite.,
v31-example-adoc-2e-1-8,supprimée,Mini-cas souvent suivi de titres de cours ou ordre arbitraire ; remplacé par une décision explicite.,
v31-method-adoc-2e-1-7,supprimée,Ordre des premières opérations souvent non unique ; propositions mécaniquement inversées.,choix_long
v31-paircase-adoc-2e-1-7-1-8,supprimée,Définitions recopiées et propositions par permutation.,choix_long
v32a-cumulative-adoc-2e-01-07,supprimée,Attribution de titres à des extraits ; faible transfert.,enonce_long
v34-diagnostic-formule-1608,supprimée,"Objectif formulé comme un titre de cours, choix longs et répétitifs.",choix_long
v34-diagnostic-formule-1611,supprimée,"Objectif formulé comme un titre de cours, choix longs et répétitifs.",
v34-diagnostic-formule-1626,supprimée,"Objectif formulé comme un titre de cours, choix longs et répétitifs.",choix_long
v34-diagnostic-formule-1628,supprimée,"Objectif formulé comme un titre de cours, choix longs et répétitifs.",choix_long
v34-diagnostic-formule-1632,supprimée,"Objectif formulé comme un titre de cours, choix longs et répétitifs.",choix_long
v34-diagnostic-formule-1633,supprimée,"Objectif formulé comme un titre de cours, choix longs et répétitifs.",choix_long
v31-caseaction-adoc-2e-2-1,supprimée,Mini-cas souvent suivi de titres de cours ou ordre arbitraire ; remplacé par une décision explicite.,
v31-caseaction-adoc-2e-2-2,supprimée,Mini-cas souvent suivi de titres de cours ou ordre arbitraire ; remplacé par une décision explicite.,
v31-casevigilance-adoc-2e-2-1,supprimée,Mini-cas souvent suivi de titres de cours ou ordre arbitraire ; remplacé par une décision explicite.,
v31-casevigilance-adoc-2e-2-2,supprimée,Mini-cas souvent suivi de titres de cours ou ordre arbitraire ; remplacé par une décision explicite.,
v31-cross-adoc-2e-2-2-2-3,supprimée,Définitions recopiées et propositions par permutation.,choix_long
v31-example-adoc-2e-2-1,supprimée,Mini-cas souvent suivi de titres de cours ou ordre arbitraire ; remplacé par une décision explicite.,
v31-example-adoc-2e-2-2,supprimée,Mini-cas souvent suivi de titres de cours ou ordre arbitraire ; remplacé par une décision explicite.,
v31-method-adoc-2e-2-1,supprimée,Ordre des premières opérations souvent non unique ; propositions mécaniquement inversées.,choix_long
v31-method-adoc-2e-2-2,supprimée,Ordre des premières opérations souvent non unique ; propositions mécaniquement inversées.,choix_long
v31-caseaction-adoc-2e-2-3,supprimée,Mini-cas souvent suivi de titres de cours ou ordre arbitraire ; remplacé par une décision explicite.,enonce_long
v31-casevigilance-adoc-2e-2-3,supprimée,Mini-cas souvent suivi de titres de cours ou ordre arbitraire ; remplacé par une décision explicite.,enonce_long
v31-cross-adoc-2e-2-3-2-5,supprimée,Définitions recopiées et propositions par permutation.,choix_long
v31-example-adoc-2e-2-3,supprimée,Mini-cas souvent suivi de titres de cours ou ordre arbitraire ; remplacé par une décision explicite.,enonce_long
v31-method-adoc-2e-2-3,supprimée,Ordre des premières opérations souvent non unique ; propositions mécaniquement inversées.,
v31-caseaction-adoc-2e-2-5,supprimée,Mini-cas souvent suivi de titres de cours ou ordre arbitraire ; remplacé par une décision explicite.,
v31-casevigilance-adoc-2e-2-4,supprimée,Mini-cas souvent suivi de titres de cours ou ordre arbitraire ; remplacé par une décision explicite.,
v31-casevigilance-adoc-2e-2-5,supprimée,Mini-cas souvent suivi de titres de cours ou ordre arbitraire ; remplacé par une décision explicite.,
v31-cross-adoc-2e-2-5-2-3,supprimée,Définitions recopiées et propositions par permutation.,choix_long
v31-example-adoc-2e-2-4,supprimée,Mini-cas souvent suivi de titres de cours ou ordre arbitraire ; remplacé par une décision explicite.,
v31-example-adoc-2e-2-5,supprimée,Mini-cas souvent suivi de titres de cours ou ordre arbitraire ; remplacé par une décision explicite.,
v31-method-adoc-2e-2-4,supprimée,Ordre des premières opérations souvent non unique ; propositions mécaniquement inversées.,
v31-method-adoc-2e-2-5,supprimée,Ordre des premières opérations souvent non unique ; propositions mécaniquement inversées.,choix_long
v31-caseaction-adoc-2e-2-6,supprimée,Mini-cas souvent suivi de titres de cours ou ordre arbitraire ; remplacé par une décision explicite.,
v31-casevigilance-adoc-2e-2-6,supprimée,Mini-cas souvent suivi de titres de cours ou ordre arbitraire ; remplacé par une décision explicite.,
v31-example-adoc-2e-2-6,supprimée,Mini-cas souvent suivi de titres de cours ou ordre arbitraire ; remplacé par une décision explicite.,
v31-method-adoc-2e-2-6,supprimée,Ordre des premières opérations souvent non unique ; propositions mécaniquement inversées.,choix_long
v31-caseaction-adoc-2e-3-1,supprimée,Mini-cas souvent suivi de titres de cours ou ordre arbitraire ; remplacé par une décision explicite.,
v31-casevigilance-adoc-2e-3-1,supprimée,Mini-cas souvent suivi de titres de cours ou ordre arbitraire ; remplacé par une décision explicite.,
v31-casevigilance-adoc-2e-3-2,supprimée,Mini-cas souvent suivi de titres de cours ou ordre arbitraire ; remplacé par une décision explicite.,
v31-example-adoc-2e-3-1,supprimée,Mini-cas souvent suivi de titres de cours ou ordre arbitraire ; remplacé par une décision explicite.,
v31-example-adoc-2e-3-2,supprimée,Mini-cas souvent suivi de titres de cours ou ordre arbitraire ; remplacé par une décision explicite.,
v31-method-adoc-2e-3-1,supprimée,Ordre des premières opérations souvent non unique ; propositions mécaniquement inversées.,choix_long
v31-method-adoc-2e-3-2,supprimée,Ordre des premières opérations souvent non unique ; propositions mécaniquement inversées.,
v31-caseaction-adoc-2e-3-4,supprimée,Mini-cas souvent suivi de titres de cours ou ordre arbitraire ; remplacé par une décision explicite.,
v31-casevigilance-adoc-2e-3-3,supprimée,Mini-cas souvent suivi de titres de cours ou ordre arbitraire ; remplacé par une décision explicite.,
v31-casevigilance-adoc-2e-3-4,supprimée,Mini-cas souvent suivi de titres de cours ou ordre arbitraire ; remplacé par une décision explicite.,
v31-example-adoc-2e-3-3,supprimée,Mini-cas souvent suivi de titres de cours ou ordre arbitraire ; remplacé par une décision explicite.,
v31-method-adoc-2e-3-3,supprimée,Ordre des premières opérations souvent non unique ; propositions mécaniquement inversées.,
v31-method-adoc-2e-3-4,supprimée,Ordre des premières opérations souvent non unique ; propositions mécaniquement inversées.,choix_long
v31-caseaction-adoc-2e-3-5,supprimée,Mini-cas souvent suivi de titres de cours ou ordre arbitraire ; remplacé par une décision explicite.,
v31-casevigilance-adoc-2e-3-5,supprimée,Mini-cas souvent suivi de titres de cours ou ordre arbitraire ; remplacé par une décision explicite.,
v31-example-adoc-2e-3-5,supprimée,Mini-cas souvent suivi de titres de cours ou ordre arbitraire ; remplacé par une décision explicite.,
v31-method-adoc-2e-3-5,supprimée,Ordre des premières opérations souvent non unique ; propositions mécaniquement inversées.,choix_long
v31-caseaction-adoc-2e-3-6,supprimée,Mini-cas souvent suivi de titres de cours ou ordre arbitraire ; remplacé par une décision explicite.,
v31-casevigilance-adoc-2e-3-6,supprimée,Mini-cas souvent suivi de titres de cours ou ordre arbitraire ; remplacé par une décision explicite.,
v31-method-adoc-2e-3-6,supprimée,Ordre des premières opérations souvent non unique ; propositions mécaniquement inversées.,choix_long
v31-caseaction-adoc-2e-4-1,supprimée,Mini-cas souvent suivi de titres de cours ou ordre arbitraire ; remplacé par une décision explicite.,enonce_long
v31-casevigilance-adoc-2e-4-1,supprimée,Mini-cas souvent suivi de titres de cours ou ordre arbitraire ; remplacé par une décision explicite.,enonce_long
v31-example-adoc-2e-4-1,supprimée,Mini-cas souvent suivi de titres de cours ou ordre arbitraire ; remplacé par une décision explicite.,enonce_long
v31-method-adoc-2e-4-1,supprimée,Ordre des premières opérations souvent non unique ; propositions mécaniquement inversées.,choix_long
v31-caseaction-adoc-2e-4-2,supprimée,Mini-cas souvent suivi de titres de cours ou ordre arbitraire ; remplacé par une décision explicite.,enonce_long
v31-casevigilance-adoc-2e-4-2,supprimée,Mini-cas souvent suivi de titres de cours ou ordre arbitraire ; remplacé par une décision explicite.,enonce_long
v31-cross-adoc-2e-4-2-4-4,supprimée,Définitions recopiées et propositions par permutation.,choix_long
v31-example-adoc-2e-4-2,supprimée,Mini-cas souvent suivi de titres de cours ou ordre arbitraire ; remplacé par une décision explicite.,enonce_long
v31-method-adoc-2e-4-2,supprimée,Ordre des premières opérations souvent non unique ; propositions mécaniquement inversées.,choix_long
v31-caseaction-adoc-2e-4-3,supprimée,Mini-cas souvent suivi de titres de cours ou ordre arbitraire ; remplacé par une décision explicite.,enonce_long
v31-caseaction-adoc-2e-4-4,supprimée,Mini-cas souvent suivi de titres de cours ou ordre arbitraire ; remplacé par une décision explicite.,enonce_long
v31-casevigilance-adoc-2e-4-3,supprimée,Mini-cas souvent suivi de titres de cours ou ordre arbitraire ; remplacé par une décision explicite.,
v31-casevigilance-adoc-2e-4-4,supprimée,Mini-cas souvent suivi de titres de cours ou ordre arbitraire ; remplacé par une décision explicite.,
v31-cross-adoc-2e-4-4-4-2,supprimée,Définitions recopiées et propositions par permutation.,choix_long
v31-example-adoc-2e-4-3,supprimée,Mini-cas souvent suivi de titres de cours ou ordre arbitraire ; remplacé par une décision explicite.,enonce_long
v31-example-adoc-2e-4-4,supprimée,Mini-cas souvent suivi de titres de cours ou ordre arbitraire ; remplacé par une décision explicite.,
v31-method-adoc-2e-4-3,supprimée,Ordre des premières opérations souvent non unique ; propositions mécaniquement inversées.,choix_long
v31-method-adoc-2e-4-4,supprimée,Ordre des premières opérations souvent non unique ; propositions mécaniquement inversées.,choix_long
v31-caseaction-adoc-2e-4-5,supprimée,Mini-cas souvent suivi de titres de cours ou ordre arbitraire ; remplacé par une décision explicite.,
v31-casevigilance-adoc-2e-4-5,supprimée,Mini-cas souvent suivi de titres de cours ou ordre arbitraire ; remplacé par une décision explicite.,
v31-cross-adoc-2e-4-5-4-2,supprimée,Définitions recopiées et propositions par permutation.,choix_long
v31-example-adoc-2e-4-5,supprimée,Mini-cas souvent suivi de titres de cours ou ordre arbitraire ; remplacé par une décision explicite.,
v31-method-adoc-2e-4-5,supprimée,Ordre des premières opérations souvent non unique ; propositions mécaniquement inversées.,choix_long
hard-formula-0059,supprimée,"Formules répétées, bases parfois implicites et corrections récitées ; remplacement sélectif avec justification.",
v31-caseaction-adoc-2e-4-6,supprimée,Mini-cas souvent suivi de titres de cours ou ordre arbitraire ; remplacé par une décision explicite.,
v31-casevigilance-adoc-2e-4-6,supprimée,Mini-cas souvent suivi de titres de cours ou ordre arbitraire ; remplacé par une décision explicite.,
v31-example-adoc-2e-4-6,supprimée,Mini-cas souvent suivi de titres de cours ou ordre arbitraire ; remplacé par une décision explicite.,
v31-method-adoc-2e-4-6,supprimée,Ordre des premières opérations souvent non unique ; propositions mécaniquement inversées.,choix_long
v31-caseaction-adoc-2e-5-1,supprimée,Mini-cas souvent suivi de titres de cours ou ordre arbitraire ; remplacé par une décision explicite.,enonce_long
v31-casevigilance-adoc-2e-5-1,supprimée,Mini-cas souvent suivi de titres de cours ou ordre arbitraire ; remplacé par une décision explicite.,choix_long;enonce_long
v31-method-adoc-2e-5-1,supprimée,Ordre des premières opérations souvent non unique ; propositions mécaniquement inversées.,choix_long
hard-formula-0065,supprimée,"Formules répétées, bases parfois implicites et corrections récitées ; remplacement sélectif avec justification.",
hard-formula-0067,supprimée,"Formules répétées, bases parfois implicites et corrections récitées ; remplacement sélectif avec justification.",
hard-formula-0069,supprimée,"Formules répétées, bases parfois implicites et corrections récitées ; remplacement sélectif avec justification.",
hard-formula-0071,supprimée,"Formules répétées, bases parfois implicites et corrections récitées ; remplacement sélectif avec justification.",
hard-formula-0073,supprimée,"Formules répétées, bases parfois implicites et corrections récitées ; remplacement sélectif avec justification.",
v31-caseaction-adoc-2e-5-2,supprimée,Mini-cas souvent suivi de titres de cours ou ordre arbitraire ; remplacé par une décision explicite.,
v31-casevigilance-adoc-2e-5-2,supprimée,Mini-cas souvent suivi de titres de cours ou ordre arbitraire ; remplacé par une décision explicite.,choix_long
v31-method-adoc-2e-5-2,supprimée,Ordre des premières opérations souvent non unique ; propositions mécaniquement inversées.,choix_long
v32a-formpair-adoc-2e-05-28-1,supprimée,Paires de formules répétées ; reconstruction sélective.,
v32a-formpair-adoc-2e-05-28-2,supprimée,Paires de formules répétées ; reconstruction sélective.,
v32a-formpair-adoc-2e-05-28-3,supprimée,Paires de formules répétées ; reconstruction sélective.,
v31-caseaction-adoc-2e-5-4,supprimée,Mini-cas souvent suivi de titres de cours ou ordre arbitraire ; remplacé par une décision explicite.,
v31-casevigilance-adoc-2e-5-4,supprimée,Mini-cas souvent suivi de titres de cours ou ordre arbitraire ; remplacé par une décision explicite.,choix_long
v31-method-adoc-2e-5-4,supprimée,Ordre des premières opérations souvent non unique ; propositions mécaniquement inversées.,choix_long
v31-caseaction-adoc-2e-5-3,supprimée,Mini-cas souvent suivi de titres de cours ou ordre arbitraire ; remplacé par une décision explicite.,enonce_long
v31-casevigilance-adoc-2e-5-3,supprimée,Mini-cas souvent suivi de titres de cours ou ordre arbitraire ; remplacé par une décision explicite.,choix_long
v31-method-adoc-2e-5-3,supprimée,Ordre des premières opérations souvent non unique ; propositions mécaniquement inversées.,choix_long
v31-caseaction-adoc-2e-5-5,supprimée,Mini-cas souvent suivi de titres de cours ou ordre arbitraire ; remplacé par une décision explicite.,
v31-casevigilance-adoc-2e-5-5,supprimée,Mini-cas souvent suivi de titres de cours ou ordre arbitraire ; remplacé par une décision explicite.,
v31-method-adoc-2e-5-5,supprimée,Ordre des premières opérations souvent non unique ; propositions mécaniquement inversées.,choix_long
v31-pair-drcv-1re-0-1-0-3,supprimée,Définitions recopiées et propositions par permutation.,choix_long
v31-pair-drcv-1re-0-1-0-4,supprimée,Définitions recopiées et propositions par permutation.,choix_long
v31-pair-drcv-1re-0-2-0-3,supprimée,Définitions recopiées et propositions par permutation.,choix_long
v31-pair-drcv-1re-0-2-0-4,supprimée,Définitions recopiées et propositions par permutation.,choix_long
v31-pair-drcv-1re-0-3-0-4,supprimée,Définitions recopiées et propositions par permutation.,choix_long
v31-pair-drcv-1re-0-3-0-5,supprimée,Définitions recopiées et propositions par permutation.,choix_long
v31-pair-drcv-1re-0-4-0-5,supprimée,Définitions recopiées et propositions par permutation.,choix_long
v32a-pair-drcv-1re-00-01-1,supprimée,Diagnostic de titres de cours et associations artificielles.,enonce_long
v32a-pair-drcv-1re-00-01-2,supprimée,Diagnostic de titres de cours et associations artificielles.,enonce_long
v32a-pair-drcv-1re-00-01-3,supprimée,Diagnostic de titres de cours et associations artificielles.,enonce_long
v32a-pair-drcv-1re-00-01-4,supprimée,Diagnostic de titres de cours et associations artificielles.,enonce_long
v34-distinction-raisonnee-1636,supprimée,Juxtaposition de définitions ; reconstruction nécessaire.,choix_long
v34-distinction-raisonnee-1641,supprimée,Juxtaposition de définitions ; reconstruction nécessaire.,choix_long
v34-double-raisonnement-1650,supprimée,"Permutation de deux définitions, raisonnement professionnel non démontré.",enonce_long
v34-double-raisonnement-1654,supprimée,"Permutation de deux définitions, raisonnement professionnel non démontré.",enonce_long
v31-cross-drcv-1re-1-2-1-5,supprimée,Définitions recopiées et propositions par permutation.,choix_long
v32a-pair-drcv-1re-01-02-1,supprimée,Diagnostic de titres de cours et associations artificielles.,enonce_long
v34-double-raisonnement-1656,supprimée,"Permutation de deux définitions, raisonnement professionnel non démontré.",enonce_long
v34-double-raisonnement-1657,supprimée,"Permutation de deux définitions, raisonnement professionnel non démontré.",enonce_long
v34-double-raisonnement-9047,supprimée,"Permutation de deux définitions, raisonnement professionnel non démontré.",
v34-double-raisonnement-9048,supprimée,"Permutation de deux définitions, raisonnement professionnel non démontré.",
v34-double-raisonnement-9049,supprimée,"Permutation de deux définitions, raisonnement professionnel non démontré.",
v34-double-raisonnement-9050,supprimée,"Permutation de deux définitions, raisonnement professionnel non démontré.",
v34-double-raisonnement-9052,supprimée,"Permutation de deux définitions, raisonnement professionnel non démontré.",
v31-pair-drcv-1re-1-5-1-6,supprimée,Définitions recopiées et propositions par permutation.,choix_long
v31-pair-drcv-1re-1-5-1-7,supprimée,Définitions recopiées et propositions par permutation.,choix_long
v31-pair-drcv-1re-1-6-1-7,supprimée,Définitions recopiées et propositions par permutation.,choix_long
v32a-pair-drcv-1re-01-03-1,supprimée,Diagnostic de titres de cours et associations artificielles.,enonce_long
v34-association-raisonnee-1659,supprimée,"Association de titres et définitions, indices lexicaux, distracteurs permutés.",choix_long
v34-association-raisonnee-1660,supprimée,"Association de titres et définitions, indices lexicaux, distracteurs permutés.",choix_long
v34-association-raisonnee-1661,supprimée,"Association de titres et définitions, indices lexicaux, distracteurs permutés.",choix_long
v34-association-raisonnee-1662,supprimée,"Association de titres et définitions, indices lexicaux, distracteurs permutés.",choix_long
v34-association-raisonnee-1663,supprimée,"Association de titres et définitions, indices lexicaux, distracteurs permutés.",choix_long
v34-distinction-raisonnee-1673,supprimée,Juxtaposition de définitions ; reconstruction nécessaire.,choix_long
v34-double-raisonnement-1666,supprimée,"Permutation de deux définitions, raisonnement professionnel non démontré.",enonce_long
v34-double-raisonnement-1667,supprimée,"Permutation de deux définitions, raisonnement professionnel non démontré.",enonce_long
v34-double-raisonnement-1669,supprimée,"Permutation de deux définitions, raisonnement professionnel non démontré.",enonce_long
v34-double-raisonnement-1670,supprimée,"Permutation de deux définitions, raisonnement professionnel non démontré.",enonce_long
v34-double-raisonnement-1672,supprimée,"Permutation de deux définitions, raisonnement professionnel non démontré.",enonce_long
v34-double-raisonnement-1674,supprimée,"Permutation de deux définitions, raisonnement professionnel non démontré.",enonce_long
v34-triple-raisonnement-9053,supprimée,"Permutation de trois définitions, lecture trop longue et niveau artificiel.",enonce_long
v34-triple-raisonnement-9054,supprimée,"Permutation de trois définitions, lecture trop longue et niveau artificiel.",enonce_long
v31-cross-drcv-1re-1-13-1-5,supprimée,Définitions recopiées et propositions par permutation.,choix_long
v32a-pair-drcv-1re-01-04-1,supprimée,Diagnostic de titres de cours et associations artificielles.,
v32a-pair-drcv-1re-01-04-2,supprimée,Diagnostic de titres de cours et associations artificielles.,enonce_long
v32a-pair-drcv-1re-01-04-3,supprimée,Diagnostic de titres de cours et associations artificielles.,enonce_long
v32a-pair-drcv-1re-01-04-4,supprimée,Diagnostic de titres de cours et associations artificielles.,enonce_long
v34-association-raisonnee-1684,supprimée,"Association de titres et définitions, indices lexicaux, distracteurs permutés.",choix_long
v34-association-raisonnee-1686,supprimée,"Association de titres et définitions, indices lexicaux, distracteurs permutés.",choix_long
v34-association-raisonnee-1687,supprimée,"Association de titres et définitions, indices lexicaux, distracteurs permutés.",choix_long
v34-association-raisonnee-1689,supprimée,"Association de titres et définitions, indices lexicaux, distracteurs permutés.",choix_long
v34-association-raisonnee-1691,supprimée,"Association de titres et définitions, indices lexicaux, distracteurs permutés.",choix_long
v34-double-raisonnement-1694,supprimée,"Permutation de deux définitions, raisonnement professionnel non démontré.",enonce_long
v34-double-raisonnement-1696,supprimée,"Permutation de deux définitions, raisonnement professionnel non démontré.",enonce_long
v34-double-raisonnement-1700,supprimée,"Permutation de deux définitions, raisonnement professionnel non démontré.",enonce_long
v34-double-raisonnement-1702,supprimée,"Permutation de deux définitions, raisonnement professionnel non démontré.",enonce_long
v34-triple-raisonnement-9055,supprimée,"Permutation de trois définitions, lecture trop longue et niveau artificiel.",enonce_long
v34-triple-raisonnement-9056,supprimée,"Permutation de trois définitions, lecture trop longue et niveau artificiel.",enonce_long
v34-triple-raisonnement-9057,supprimée,"Permutation de trois définitions, lecture trop longue et niveau artificiel.",enonce_long
v34-triple-raisonnement-9058,supprimée,"Permutation de trois définitions, lecture trop longue et niveau artificiel.",enonce_long
v32a-cumulative-drcv-1re-01-05,supprimée,Attribution de titres à des extraits ; faible transfert.,enonce_long
v34-association-raisonnee-1720,supprimée,"Association de titres et définitions, indices lexicaux, distracteurs permutés.",choix_long
v34-association-raisonnee-1721,supprimée,"Association de titres et définitions, indices lexicaux, distracteurs permutés.",choix_long
v34-association-raisonnee-1722,supprimée,"Association de titres et définitions, indices lexicaux, distracteurs permutés.",choix_long
v34-association-raisonnee-1724,supprimée,"Association de titres et définitions, indices lexicaux, distracteurs permutés.",choix_long
v34-association-raisonnee-1725,supprimée,"Association de titres et définitions, indices lexicaux, distracteurs permutés.",choix_long
v34-distinction-raisonnee-1730,supprimée,Juxtaposition de définitions ; reconstruction nécessaire.,choix_long
v34-distinction-raisonnee-1740,supprimée,Juxtaposition de définitions ; reconstruction nécessaire.,choix_long
v34-double-raisonnement-1726,supprimée,"Permutation de deux définitions, raisonnement professionnel non démontré.",enonce_long
v34-double-raisonnement-1729,supprimée,"Permutation de deux définitions, raisonnement professionnel non démontré.",
v34-double-raisonnement-1731,supprimée,"Permutation de deux définitions, raisonnement professionnel non démontré.",enonce_long
v34-double-raisonnement-1733,supprimée,"Permutation de deux définitions, raisonnement professionnel non démontré.",enonce_long
v34-double-raisonnement-1739,supprimée,"Permutation de deux définitions, raisonnement professionnel non démontré.",enonce_long
v34-triple-raisonnement-1735,supprimée,"Permutation de trois définitions, lecture trop longue et niveau artificiel.",enonce_long
v34-triple-raisonnement-1737,supprimée,"Permutation de trois définitions, lecture trop longue et niveau artificiel.",enonce_long
v34-triple-raisonnement-1747,supprimée,"Permutation de trois définitions, lecture trop longue et niveau artificiel.",enonce_long
v34-triple-raisonnement-1748,supprimée,"Permutation de trois définitions, lecture trop longue et niveau artificiel.",enonce_long
v34-triple-raisonnement-1749,supprimée,"Permutation de trois définitions, lecture trop longue et niveau artificiel.",enonce_long
v31-cross-drcv-1re-2-3-2-7,supprimée,Définitions recopiées et propositions par permutation.,choix_long
v31-pair-drcv-1re-2-1-2-3,supprimée,Définitions recopiées et propositions par permutation.,choix_long
v32a-pair-drcv-1re-02-06-1,supprimée,Diagnostic de titres de cours et associations artificielles.,enonce_long
v32a-pair-drcv-1re-02-06-2,supprimée,Diagnostic de titres de cours et associations artificielles.,enonce_long
v32a-pair-drcv-1re-02-06-3,supprimée,Diagnostic de titres de cours et associations artificielles.,enonce_long
v32a-pair-drcv-1re-02-06-4,supprimée,Diagnostic de titres de cours et associations artificielles.,enonce_long
v32a-triple-drcv-1re-02-06-1,supprimée,Attribution mécanique de trois titres.,enonce_long
v34-association-raisonnee-1757,supprimée,"Association de titres et définitions, indices lexicaux, distracteurs permutés.",
v34-association-raisonnee-1770,supprimée,"Association de titres et définitions, indices lexicaux, distracteurs permutés.",
v34-association-raisonnee-1773,supprimée,"Association de titres et définitions, indices lexicaux, distracteurs permutés.",
v34-association-raisonnee-1788,supprimée,"Association de titres et définitions, indices lexicaux, distracteurs permutés.",
v34-association-raisonnee-1797,supprimée,"Association de titres et définitions, indices lexicaux, distracteurs permutés.",
v34-distinction-raisonnee-1839,supprimée,Juxtaposition de définitions ; reconstruction nécessaire.,choix_long
v34-distinction-raisonnee-1845,supprimée,Juxtaposition de définitions ; reconstruction nécessaire.,choix_long
v34-distinction-raisonnee-1863,supprimée,Juxtaposition de définitions ; reconstruction nécessaire.,choix_long
v34-double-raisonnement-1820,supprimée,"Permutation de deux définitions, raisonnement professionnel non démontré.",enonce_long
v34-triple-raisonnement-1871,supprimée,"Permutation de trois définitions, lecture trop longue et niveau artificiel.",enonce_long
v34-triple-raisonnement-1874,supprimée,"Permutation de trois définitions, lecture trop longue et niveau artificiel.",enonce_long
v31-cross-drcv-1re-2-7-2-3,supprimée,Définitions recopiées et propositions par permutation.,choix_long
v31-pair-drcv-1re-2-7-2-8,supprimée,Définitions recopiées et propositions par permutation.,choix_long
v32a-pair-drcv-1re-02-07-1,supprimée,Diagnostic de titres de cours et associations artificielles.,enonce_long
v32a-pair-drcv-1re-02-07-2,supprimée,Diagnostic de titres de cours et associations artificielles.,enonce_long
v32a-pair-drcv-1re-02-07-3,supprimée,Diagnostic de titres de cours et associations artificielles.,
v32a-pair-drcv-1re-02-07-4,supprimée,Diagnostic de titres de cours et associations artificielles.,enonce_long
v32a-triple-drcv-1re-02-07-1,supprimée,Attribution mécanique de trois titres.,enonce_long
v34-association-raisonnee-1921,supprimée,"Association de titres et définitions, indices lexicaux, distracteurs permutés.",choix_long
v34-association-raisonnee-1927,supprimée,"Association de titres et définitions, indices lexicaux, distracteurs permutés.",
v34-association-raisonnee-1945,supprimée,"Association de titres et définitions, indices lexicaux, distracteurs permutés.",choix_long
v34-association-raisonnee-1951,supprimée,"Association de titres et définitions, indices lexicaux, distracteurs permutés.",
v34-association-raisonnee-1965,supprimée,"Association de titres et définitions, indices lexicaux, distracteurs permutés.",choix_long
v34-distinction-raisonnee-1994,supprimée,Juxtaposition de définitions ; reconstruction nécessaire.,choix_long
v34-distinction-raisonnee-2021,supprimée,Juxtaposition de définitions ; reconstruction nécessaire.,choix_long
v34-double-raisonnement-1999,supprimée,"Permutation de deux définitions, raisonnement professionnel non démontré.",
v34-double-raisonnement-2020,supprimée,"Permutation de deux définitions, raisonnement professionnel non démontré.",enonce_long
v34-triple-raisonnement-2056,supprimée,"Permutation de trois définitions, lecture trop longue et niveau artificiel.",enonce_long
v34-triple-raisonnement-2074,supprimée,"Permutation de trois définitions, lecture trop longue et niveau artificiel.",enonce_long
hard-formula-0075,supprimée,"Formules répétées, bases parfois implicites et corrections récitées ; remplacement sélectif avec justification.",
hard-formula-0077,supprimée,"Formules répétées, bases parfois implicites et corrections récitées ; remplacement sélectif avec justification.",
v31-pair-drcv-1re-2-13-2-14,supprimée,Définitions recopiées et propositions par permutation.,choix_long
v31-pair-drcv-1re-2-13-2-15,supprimée,Définitions recopiées et propositions par permutation.,choix_long
v31-pair-drcv-1re-2-13-2-17,supprimée,Définitions recopiées et propositions par permutation.,choix_long
v31-pair-drcv-1re-2-14-2-15,supprimée,Définitions recopiées et propositions par permutation.,choix_long
v31-pair-drcv-1re-2-14-2-17,supprimée,Définitions recopiées et propositions par permutation.,choix_long
v31-pair-drcv-1re-2-15-2-17,supprimée,Définitions recopiées et propositions par permutation.,choix_long
v32a-pair-drcv-1re-02-09-1,supprimée,Diagnostic de titres de cours et associations artificielles.,enonce_long
v32a-pair-drcv-1re-02-09-2,supprimée,Diagnostic de titres de cours et associations artificielles.,enonce_long
v32a-pair-drcv-1re-02-09-3,supprimée,Diagnostic de titres de cours et associations artificielles.,enonce_long
v32a-pair-drcv-1re-02-09-4,supprimée,Diagnostic de titres de cours et associations artificielles.,enonce_long
v32a-triple-drcv-1re-02-09-1,supprimée,Attribution mécanique de trois titres.,enonce_long
v32a-triple-drcv-1re-02-09-2,supprimée,Attribution mécanique de trois titres.,enonce_long
v34-association-raisonnee-2103,supprimée,"Association de titres et définitions, indices lexicaux, distracteurs permutés.",
v34-association-raisonnee-2108,supprimée,"Association de titres et définitions, indices lexicaux, distracteurs permutés.",choix_long
v34-association-raisonnee-2112,supprimée,"Association de titres et définitions, indices lexicaux, distracteurs permutés.",
v34-association-raisonnee-2125,supprimée,"Association de titres et définitions, indices lexicaux, distracteurs permutés.",
v34-association-raisonnee-2138,supprimée,"Association de titres et définitions, indices lexicaux, distracteurs permutés.",
v34-double-raisonnement-2280,supprimée,"Permutation de deux définitions, raisonnement professionnel non démontré.",enonce_long
v34-double-raisonnement-2283,supprimée,"Permutation de deux définitions, raisonnement professionnel non démontré.",
hard-formula-0079,supprimée,"Formules répétées, bases parfois implicites et corrections récitées ; remplacement sélectif avec justification.",
v31-cross-drcv-1re-3-1-3-13,supprimée,Définitions recopiées et propositions par permutation.,choix_long
v31-pair-drcv-1re-3-1-3-4,supprimée,Définitions recopiées et propositions par permutation.,choix_long
v32a-pair-drcv-1re-03-11-1,supprimée,Diagnostic de titres de cours et associations artificielles.,enonce_long
v32a-pair-drcv-1re-03-11-2,supprimée,Diagnostic de titres de cours et associations artificielles.,enonce_long
v32a-pair-drcv-1re-03-11-3,supprimée,Diagnostic de titres de cours et associations artificielles.,enonce_long
v32a-pair-drcv-1re-03-11-4,supprimée,Diagnostic de titres de cours et associations artificielles.,enonce_long
v34-distinction-raisonnee-2326,supprimée,Juxtaposition de définitions ; reconstruction nécessaire.,choix_long
v34-double-raisonnement-2323,supprimée,"Permutation de deux définitions, raisonnement professionnel non démontré.",
v34-double-raisonnement-2331,supprimée,"Permutation de deux définitions, raisonnement professionnel non démontré.",enonce_long
v34-triple-raisonnement-2311,supprimée,"Permutation de trois définitions, lecture trop longue et niveau artificiel.",enonce_long
v34-triple-raisonnement-2319,supprimée,"Permutation de trois définitions, lecture trop longue et niveau artificiel.",enonce_long
v34-triple-raisonnement-2335,supprimée,"Permutation de trois définitions, lecture trop longue et niveau artificiel.",enonce_long
hard-formula-0081,supprimée,"Formules répétées, bases parfois implicites et corrections récitées ; remplacement sélectif avec justification.",
v31-cross-drcv-1re-3-13-3-1,supprimée,Définitions recopiées et propositions par permutation.,choix_long
v31-pair-drcv-1re-3-10-3-12,supprimée,Définitions recopiées et propositions par permutation.,choix_long
v31-pair-drcv-1re-3-10-3-13,supprimée,Définitions recopiées et propositions par permutation.,choix_long
v31-pair-drcv-1re-3-12-3-13,supprimée,Définitions recopiées et propositions par permutation.,choix_long
v31-pair-drcv-1re-3-9-3-10,supprimée,Définitions recopiées et propositions par permutation.,choix_long
v31-pair-drcv-1re-3-9-3-12,supprimée,Définitions recopiées et propositions par permutation.,choix_long
v31-pair-drcv-1re-3-9-3-13,supprimée,Définitions recopiées et propositions par permutation.,choix_long
v32a-pair-drcv-1re-03-12-1,supprimée,Diagnostic de titres de cours et associations artificielles.,enonce_long
v32a-pair-drcv-1re-03-12-2,supprimée,Diagnostic de titres de cours et associations artificielles.,enonce_long
v32a-pair-drcv-1re-03-12-3,supprimée,Diagnostic de titres de cours et associations artificielles.,
v32a-pair-drcv-1re-03-12-4,supprimée,Diagnostic de titres de cours et associations artificielles.,enonce_long
v32a-triple-drcv-1re-03-12-1,supprimée,Attribution mécanique de trois titres.,enonce_long
v32a-triple-drcv-1re-03-12-2,supprimée,Attribution mécanique de trois titres.,enonce_long
v34-association-raisonnee-2339,supprimée,"Association de titres et définitions, indices lexicaux, distracteurs permutés.",choix_long
v34-association-raisonnee-2343,supprimée,"Association de titres et définitions, indices lexicaux, distracteurs permutés.",choix_long
v34-association-raisonnee-2346,supprimée,"Association de titres et définitions, indices lexicaux, distracteurs permutés.",choix_long
v34-association-raisonnee-2348,supprimée,"Association de titres et définitions, indices lexicaux, distracteurs permutés.",choix_long
v34-association-raisonnee-2349,supprimée,"Association de titres et définitions, indices lexicaux, distracteurs permutés.",choix_long
v34-distinction-raisonnee-2393,supprimée,Juxtaposition de définitions ; reconstruction nécessaire.,choix_long
v34-distinction-raisonnee-2417,supprimée,Juxtaposition de définitions ; reconstruction nécessaire.,choix_long
v34-double-raisonnement-2435,supprimée,"Permutation de deux définitions, raisonnement professionnel non démontré.",enonce_long
v31-cross-drcv-1re-4-5-4-7,supprimée,Définitions recopiées et propositions par permutation.,choix_long
v32a-pair-drcv-1re-04-13-1,supprimée,Diagnostic de titres de cours et associations artificielles.,enonce_long
v32a-pair-drcv-1re-04-13-2,supprimée,Diagnostic de titres de cours et associations artificielles.,enonce_long
v32a-pair-drcv-1re-04-13-3,supprimée,Diagnostic de titres de cours et associations artificielles.,enonce_long
v32a-triple-drcv-1re-04-13-1,supprimée,Attribution mécanique de trois titres.,enonce_long
v34-association-raisonnee-2446,supprimée,"Association de titres et définitions, indices lexicaux, distracteurs permutés.",
v34-association-raisonnee-2453,supprimée,"Association de titres et définitions, indices lexicaux, distracteurs permutés.",
v34-association-raisonnee-2459,supprimée,"Association de titres et définitions, indices lexicaux, distracteurs permutés.",choix_long
v34-association-raisonnee-2464,supprimée,"Association de titres et définitions, indices lexicaux, distracteurs permutés.",choix_long
v34-association-raisonnee-2476,supprimée,"Association de titres et définitions, indices lexicaux, distracteurs permutés.",choix_long
v34-distinction-raisonnee-2501,supprimée,Juxtaposition de définitions ; reconstruction nécessaire.,choix_long
v34-distinction-raisonnee-2505,supprimée,Juxtaposition de définitions ; reconstruction nécessaire.,choix_long
v34-distinction-raisonnee-2517,supprimée,Juxtaposition de définitions ; reconstruction nécessaire.,choix_long
v34-distinction-raisonnee-2531,supprimée,Juxtaposition de définitions ; reconstruction nécessaire.,choix_long
v34-double-raisonnement-2518,supprimée,"Permutation de deux définitions, raisonnement professionnel non démontré.",enonce_long
v34-triple-raisonnement-2524,supprimée,"Permutation de trois définitions, lecture trop longue et niveau artificiel.",enonce_long
v34-triple-raisonnement-2537,supprimée,"Permutation de trois définitions, lecture trop longue et niveau artificiel.",enonce_long
v34-triple-raisonnement-2548,supprimée,"Permutation de trois définitions, lecture trop longue et niveau artificiel.",enonce_long
v31-pair-drcv-1re-4-7-4-10,supprimée,Définitions recopiées et propositions par permutation.,choix_long
v31-pair-drcv-1re-4-7-4-8,supprimée,Définitions recopiées et propositions par permutation.,choix_long
v31-pair-drcv-1re-4-8-4-10,supprimée,Définitions recopiées et propositions par permutation.,choix_long
v32a-pair-drcv-1re-04-14-1,supprimée,Diagnostic de titres de cours et associations artificielles.,enonce_long
v32a-pair-drcv-1re-04-14-2,supprimée,Diagnostic de titres de cours et associations artificielles.,enonce_long
v32a-pair-drcv-1re-04-14-3,supprimée,Diagnostic de titres de cours et associations artificielles.,enonce_long
v34-association-raisonnee-2557,supprimée,"Association de titres et définitions, indices lexicaux, distracteurs permutés.",choix_long
v34-association-raisonnee-2559,supprimée,"Association de titres et définitions, indices lexicaux, distracteurs permutés.",choix_long
v34-association-raisonnee-2560,supprimée,"Association de titres et définitions, indices lexicaux, distracteurs permutés.",
v34-association-raisonnee-2563,supprimée,"Association de titres et définitions, indices lexicaux, distracteurs permutés.",choix_long
v34-association-raisonnee-2564,supprimée,"Association de titres et définitions, indices lexicaux, distracteurs permutés.",
v34-double-raisonnement-2566,supprimée,"Permutation de deux définitions, raisonnement professionnel non démontré.",enonce_long
v34-double-raisonnement-2578,supprimée,"Permutation de deux définitions, raisonnement professionnel non démontré.",enonce_long
v34-double-raisonnement-2580,supprimée,"Permutation de deux définitions, raisonnement professionnel non démontré.",enonce_long
v34-double-raisonnement-2582,supprimée,"Permutation de deux définitions, raisonnement professionnel non démontré.",
v34-double-raisonnement-2593,supprimée,"Permutation de deux définitions, raisonnement professionnel non démontré.",
v34-triple-raisonnement-2586,supprimée,"Permutation de trois définitions, lecture trop longue et niveau artificiel.",enonce_long
v34-triple-raisonnement-2597,supprimée,"Permutation de trois définitions, lecture trop longue et niveau artificiel.",enonce_long
v31-pair-drcv-1re-5-1-5-7,supprimée,Définitions recopiées et propositions par permutation.,choix_long
v32a-pair-drcv-1re-05-15-1,supprimée,Diagnostic de titres de cours et associations artificielles.,enonce_long
v32a-pair-drcv-1re-05-15-2,supprimée,Diagnostic de titres de cours et associations artificielles.,enonce_long
v32a-pair-drcv-1re-05-15-3,supprimée,Diagnostic de titres de cours et associations artificielles.,enonce_long
v32a-pair-drcv-1re-05-15-4,supprimée,Diagnostic de titres de cours et associations artificielles.,enonce_long
v32a-triple-drcv-1re-05-15-1,supprimée,Attribution mécanique de trois titres.,enonce_long
v34-association-raisonnee-2610,supprimée,"Association de titres et définitions, indices lexicaux, distracteurs permutés.",choix_long
v34-association-raisonnee-2619,supprimée,"Association de titres et définitions, indices lexicaux, distracteurs permutés.",choix_long
v34-association-raisonnee-2630,supprimée,"Association de titres et définitions, indices lexicaux, distracteurs permutés.",choix_long
v34-association-raisonnee-2644,supprimée,"Association de titres et définitions, indices lexicaux, distracteurs permutés.",choix_long
v34-association-raisonnee-2649,supprimée,"Association de titres et définitions, indices lexicaux, distracteurs permutés.",
v34-distinction-raisonnee-2742,supprimée,Juxtaposition de définitions ; reconstruction nécessaire.,choix_long
v34-distinction-raisonnee-2746,supprimée,Juxtaposition de définitions ; reconstruction nécessaire.,choix_long
v34-double-raisonnement-2680,supprimée,"Permutation de deux définitions, raisonnement professionnel non démontré.",enonce_long
v34-double-raisonnement-2692,supprimée,"Permutation de deux définitions, raisonnement professionnel non démontré.",enonce_long
v34-triple-raisonnement-2665,supprimée,"Permutation de trois définitions, lecture trop longue et niveau artificiel.",enonce_long
v34-triple-raisonnement-2723,supprimée,"Permutation de trois définitions, lecture trop longue et niveau artificiel.",enonce_long
v34-triple-raisonnement-2754,supprimée,"Permutation de trois définitions, lecture trop longue et niveau artificiel.",enonce_long
v31-cross-drcv-1re-5-8-5-1,supprimée,Définitions recopiées et propositions par permutation.,choix_long
v32a-pair-drcv-1re-05-16-1,supprimée,Diagnostic de titres de cours et associations artificielles.,enonce_long
v34-association-raisonnee-2775,supprimée,"Association de titres et définitions, indices lexicaux, distracteurs permutés.",choix_long
v34-association-raisonnee-2780,supprimée,"Association de titres et définitions, indices lexicaux, distracteurs permutés.",choix_long
v34-association-raisonnee-2782,supprimée,"Association de titres et définitions, indices lexicaux, distracteurs permutés.",choix_long
v34-association-raisonnee-2784,supprimée,"Association de titres et définitions, indices lexicaux, distracteurs permutés.",choix_long
v34-association-raisonnee-2794,supprimée,"Association de titres et définitions, indices lexicaux, distracteurs permutés.",choix_long
v34-distinction-raisonnee-2820,supprimée,Juxtaposition de définitions ; reconstruction nécessaire.,choix_long
v34-double-raisonnement-2805,supprimée,"Permutation de deux définitions, raisonnement professionnel non démontré.",enonce_long
v34-double-raisonnement-2810,supprimée,"Permutation de deux définitions, raisonnement professionnel non démontré.",enonce_long
v34-double-raisonnement-2812,supprimée,"Permutation de deux définitions, raisonnement professionnel non démontré.",enonce_long
v34-double-raisonnement-2813,supprimée,"Permutation de deux définitions, raisonnement professionnel non démontré.",enonce_long
v34-double-raisonnement-2823,supprimée,"Permutation de deux définitions, raisonnement professionnel non démontré.",
v34-double-raisonnement-2825,supprimée,"Permutation de deux définitions, raisonnement professionnel non démontré.",enonce_long
v34-triple-raisonnement-2827,supprimée,"Permutation de trois définitions, lecture trop longue et niveau artificiel.",enonce_long
v34-triple-raisonnement-2828,supprimée,"Permutation de trois définitions, lecture trop longue et niveau artificiel.",enonce_long
v34-triple-raisonnement-2845,supprimée,"Permutation de trois définitions, lecture trop longue et niveau artificiel.",enonce_long
v34-triple-raisonnement-2846,supprimée,"Permutation de trois définitions, lecture trop longue et niveau artificiel.",enonce_long
v31-cross-drcv-1re-5-15-5-1,supprimée,Définitions recopiées et propositions par permutation.,choix_long
v32a-pair-drcv-1re-05-18-1,supprimée,Diagnostic de titres de cours et associations artificielles.,enonce_long
v32a-pair-drcv-1re-05-18-2,supprimée,Diagnostic de titres de cours et associations artificielles.,enonce_long
v32a-pair-drcv-1re-05-18-3,supprimée,Diagnostic de titres de cours et associations artificielles.,enonce_long
v32a-pair-drcv-1re-05-18-4,supprimée,Diagnostic de titres de cours et associations artificielles.,enonce_long
v32a-triple-drcv-1re-05-18-1,supprimée,Attribution mécanique de trois titres.,enonce_long
v34-association-raisonnee-2851,supprimée,"Association de titres et définitions, indices lexicaux, distracteurs permutés.",choix_long
v34-association-raisonnee-2856,supprimée,"Association de titres et définitions, indices lexicaux, distracteurs permutés.",
v34-association-raisonnee-2857,supprimée,"Association de titres et définitions, indices lexicaux, distracteurs permutés.",choix_long
v34-association-raisonnee-2873,supprimée,"Association de titres et définitions, indices lexicaux, distracteurs permutés.",choix_long
v34-association-raisonnee-2876,supprimée,"Association de titres et définitions, indices lexicaux, distracteurs permutés.",
v34-distinction-raisonnee-2933,supprimée,Juxtaposition de définitions ; reconstruction nécessaire.,choix_long
v34-double-raisonnement-2915,supprimée,"Permutation de deux définitions, raisonnement professionnel non démontré.",enonce_long
v34-double-raisonnement-2917,supprimée,"Permutation de deux définitions, raisonnement professionnel non démontré.",enonce_long
v34-double-raisonnement-2932,supprimée,"Permutation de deux définitions, raisonnement professionnel non démontré.",enonce_long
v34-triple-raisonnement-2891,supprimée,"Permutation de trois définitions, lecture trop longue et niveau artificiel.",enonce_long
v34-triple-raisonnement-2892,supprimée,"Permutation de trois définitions, lecture trop longue et niveau artificiel.",enonce_long
v34-triple-raisonnement-2926,supprimée,"Permutation de trois définitions, lecture trop longue et niveau artificiel.",enonce_long
v34-association-raisonnee-2973,supprimée,"Association de titres et définitions, indices lexicaux, distracteurs permutés.",choix_long
v34-association-raisonnee-2974,supprimée,"Association de titres et définitions, indices lexicaux, distracteurs permutés.",choix_long
v34-association-raisonnee-9059,supprimée,"Association de titres et définitions, indices lexicaux, distracteurs permutés.",choix_long
v34-association-raisonnee-9060,supprimée,"Association de titres et définitions, indices lexicaux, distracteurs permutés.",choix_long
v34-association-raisonnee-9061,supprimée,"Association de titres et définitions, indices lexicaux, distracteurs permutés.",choix_long
v34-distinction-raisonnee-2981,supprimée,Juxtaposition de définitions ; reconstruction nécessaire.,choix_long
v34-distinction-raisonnee-2986,supprimée,Juxtaposition de définitions ; reconstruction nécessaire.,choix_long
v34-double-raisonnement-2976,supprimée,"Permutation de deux définitions, raisonnement professionnel non démontré.",
v34-double-raisonnement-2980,supprimée,"Permutation de deux définitions, raisonnement professionnel non démontré.",
v34-double-raisonnement-2984,supprimée,"Permutation de deux définitions, raisonnement professionnel non démontré.",enonce_long
v34-double-raisonnement-2985,supprimée,"Permutation de deux définitions, raisonnement professionnel non démontré.",
v34-double-raisonnement-2987,supprimée,"Permutation de deux définitions, raisonnement professionnel non démontré.",enonce_long
v34-double-raisonnement-2990,supprimée,"Permutation de deux définitions, raisonnement professionnel non démontré.",enonce_long
v34-triple-raisonnement-2978,supprimée,"Permutation de trois définitions, lecture trop longue et niveau artificiel.",enonce_long
v34-triple-raisonnement-2983,supprimée,"Permutation de trois définitions, lecture trop longue et niveau artificiel.",enonce_long
v34-triple-raisonnement-2988,supprimée,"Permutation de trois définitions, lecture trop longue et niveau artificiel.",enonce_long
v34-triple-raisonnement-9062,supprimée,"Permutation de trois définitions, lecture trop longue et niveau artificiel.",enonce_long
v34-triple-raisonnement-9063,supprimée,"Permutation de trois définitions, lecture trop longue et niveau artificiel.",enonce_long
v32a-pair-drcv-1re-06-20-1,supprimée,Diagnostic de titres de cours et associations artificielles.,enonce_long
v34-association-raisonnee-2992,supprimée,"Association de titres et définitions, indices lexicaux, distracteurs permutés.",
v34-association-raisonnee-2994,supprimée,"Association de titres et définitions, indices lexicaux, distracteurs permutés.",choix_long
v34-association-raisonnee-2995,supprimée,"Association de titres et définitions, indices lexicaux, distracteurs permutés.",choix_long
v34-association-raisonnee-2996,supprimée,"Association de titres et définitions, indices lexicaux, distracteurs permutés.",choix_long
v34-association-raisonnee-2997,supprimée,"Association de titres et définitions, indices lexicaux, distracteurs permutés.",choix_long
v34-double-raisonnement-2999,supprimée,"Permutation de deux définitions, raisonnement professionnel non démontré.",enonce_long
v34-double-raisonnement-3001,supprimée,"Permutation de deux définitions, raisonnement professionnel non démontré.",
v34-double-raisonnement-3007,supprimée,"Permutation de deux définitions, raisonnement professionnel non démontré.",enonce_long
v34-double-raisonnement-3009,supprimée,"Permutation de deux définitions, raisonnement professionnel non démontré.",enonce_long
v34-double-raisonnement-3011,supprimée,"Permutation de deux définitions, raisonnement professionnel non démontré.",enonce_long
v34-double-raisonnement-3016,supprimée,"Permutation de deux définitions, raisonnement professionnel non démontré.",enonce_long
v34-double-raisonnement-3019,supprimée,"Permutation de deux définitions, raisonnement professionnel non démontré.",enonce_long
v34-triple-raisonnement-3004,supprimée,"Permutation de trois définitions, lecture trop longue et niveau artificiel.",enonce_long
v34-triple-raisonnement-3005,supprimée,"Permutation de trois définitions, lecture trop longue et niveau artificiel.",enonce_long
v34-triple-raisonnement-3012,supprimée,"Permutation de trois définitions, lecture trop longue et niveau artificiel.",enonce_long
v34-triple-raisonnement-3020,supprimée,"Permutation de trois définitions, lecture trop longue et niveau artificiel.",enonce_long
v34-triple-raisonnement-3021,supprimée,"Permutation de trois définitions, lecture trop longue et niveau artificiel.",enonce_long
v32a-cumulative-drcv-1re-06-22,supprimée,Attribution de titres à des extraits ; faible transfert.,enonce_long
v34-association-raisonnee-3022,supprimée,"Association de titres et définitions, indices lexicaux, distracteurs permutés.",choix_long
v34-association-raisonnee-3023,supprimée,"Association de titres et définitions, indices lexicaux, distracteurs permutés.",choix_long
v34-association-raisonnee-9064,supprimée,"Association de titres et définitions, indices lexicaux, distracteurs permutés.",choix_long
v34-association-raisonnee-9065,supprimée,"Association de titres et définitions, indices lexicaux, distracteurs permutés.",choix_long
v34-distinction-raisonnee-3028,supprimée,Juxtaposition de définitions ; reconstruction nécessaire.,choix_long
v34-double-raisonnement-3025,supprimée,"Permutation de deux définitions, raisonnement professionnel non démontré.",enonce_long
v34-double-raisonnement-3029,supprimée,"Permutation de deux définitions, raisonnement professionnel non démontré.",enonce_long
v34-double-raisonnement-3030,supprimée,"Permutation de deux définitions, raisonnement professionnel non démontré.",enonce_long
v34-double-raisonnement-3031,supprimée,"Permutation de deux définitions, raisonnement professionnel non démontré.",enonce_long
v34-triple-raisonnement-3033,supprimée,"Permutation de trois définitions, lecture trop longue et niveau artificiel.",enonce_long
v34-triple-raisonnement-3034,supprimée,"Permutation de trois définitions, lecture trop longue et niveau artificiel.",enonce_long
v34-triple-raisonnement-3035,supprimée,"Permutation de trois définitions, lecture trop longue et niveau artificiel.",enonce_long
v32a-pair-drcv-1re-06-23-1,supprimée,Diagnostic de titres de cours et associations artificielles.,
v34-association-raisonnee-3036,supprimée,"Association de titres et définitions, indices lexicaux, distracteurs permutés.",choix_long
v34-association-raisonnee-3037,supprimée,"Association de titres et définitions, indices lexicaux, distracteurs permutés.",choix_long
v34-association-raisonnee-9066,supprimée,"Association de titres et définitions, indices lexicaux, distracteurs permutés.",
v34-association-raisonnee-9067,supprimée,"Association de titres et définitions, indices lexicaux, distracteurs permutés.",choix_long
v34-association-raisonnee-9068,supprimée,"Association de titres et définitions, indices lexicaux, distracteurs permutés.",
v34-distinction-raisonnee-3043,supprimée,Juxtaposition de définitions ; reconstruction nécessaire.,choix_long
v34-distinction-raisonnee-3059,supprimée,Juxtaposition de définitions ; reconstruction nécessaire.,choix_long
v34-double-raisonnement-3040,supprimée,"Permutation de deux définitions, raisonnement professionnel non démontré.",enonce_long
v34-double-raisonnement-3042,supprimée,"Permutation de deux définitions, raisonnement professionnel non démontré.",enonce_long
v34-double-raisonnement-3044,supprimée,"Permutation de deux définitions, raisonnement professionnel non démontré.",enonce_long
v34-double-raisonnement-3062,supprimée,"Permutation de deux définitions, raisonnement professionnel non démontré.",enonce_long
v34-double-raisonnement-3063,supprimée,"Permutation de deux définitions, raisonnement professionnel non démontré.",
v34-triple-raisonnement-3050,supprimée,"Permutation de trois définitions, lecture trop longue et niveau artificiel.",enonce_long
v34-triple-raisonnement-3052,supprimée,"Permutation de trois définitions, lecture trop longue et niveau artificiel.",enonce_long
v34-triple-raisonnement-3065,supprimée,"Permutation de trois définitions, lecture trop longue et niveau artificiel.",enonce_long
v34-triple-raisonnement-3068,supprimée,"Permutation de trois définitions, lecture trop longue et niveau artificiel.",enonce_long
v34-triple-raisonnement-3069,supprimée,"Permutation de trois définitions, lecture trop longue et niveau artificiel.",enonce_long
v31-pair-drcv-1re-6-15-6-17,supprimée,Définitions recopiées et propositions par permutation.,choix_long
v32a-cumulative-drcv-1re-06-24,supprimée,Attribution de titres à des extraits ; faible transfert.,enonce_long
v34-association-raisonnee-3070,supprimée,"Association de titres et définitions, indices lexicaux, distracteurs permutés.",choix_long
v34-association-raisonnee-9069,supprimée,"Association de titres et définitions, indices lexicaux, distracteurs permutés.",
v34-association-raisonnee-9070,supprimée,"Association de titres et définitions, indices lexicaux, distracteurs permutés.",
v34-association-raisonnee-9071,supprimée,"Association de titres et définitions, indices lexicaux, distracteurs permutés.",
v34-association-raisonnee-9072,supprimée,"Association de titres et définitions, indices lexicaux, distracteurs permutés.",
v34-double-raisonnement-3071,supprimée,"Permutation de deux définitions, raisonnement professionnel non démontré.",
v34-double-raisonnement-3072,supprimée,"Permutation de deux définitions, raisonnement professionnel non démontré.",
v34-double-raisonnement-3073,supprimée,"Permutation de deux définitions, raisonnement professionnel non démontré.",
v34-double-raisonnement-3074,supprimée,"Permutation de deux définitions, raisonnement professionnel non démontré.",enonce_long
v34-double-raisonnement-3075,supprimée,"Permutation de deux définitions, raisonnement professionnel non démontré.",
v34-double-raisonnement-9073,supprimée,"Permutation de deux définitions, raisonnement professionnel non démontré.",enonce_long
v34-double-raisonnement-9074,supprimée,"Permutation de deux définitions, raisonnement professionnel non démontré.",
v34-triple-raisonnement-9075,supprimée,"Permutation de trois définitions, lecture trop longue et niveau artificiel.",enonce_long
v34-triple-raisonnement-9076,supprimée,"Permutation de trois définitions, lecture trop longue et niveau artificiel.",enonce_long
v34-triple-raisonnement-9077,supprimée,"Permutation de trois définitions, lecture trop longue et niveau artificiel.",enonce_long
v34-triple-raisonnement-9078,supprimée,"Permutation de trois définitions, lecture trop longue et niveau artificiel.",enonce_long
v32a-pair-drcv-1re-06-25-1,supprimée,Diagnostic de titres de cours et associations artificielles.,enonce_long
v34-association-raisonnee-3076,supprimée,"Association de titres et définitions, indices lexicaux, distracteurs permutés.",
v34-association-raisonnee-3077,supprimée,"Association de titres et définitions, indices lexicaux, distracteurs permutés.",choix_long
v34-association-raisonnee-3078,supprimée,"Association de titres et définitions, indices lexicaux, distracteurs permutés.",
v34-association-raisonnee-3080,supprimée,"Association de titres et définitions, indices lexicaux, distracteurs permutés.",
v34-association-raisonnee-3081,supprimée,"Association de titres et définitions, indices lexicaux, distracteurs permutés.",choix_long
v34-double-raisonnement-3082,supprimée,"Permutation de deux définitions, raisonnement professionnel non démontré.",enonce_long
v34-double-raisonnement-3091,supprimée,"Permutation de deux définitions, raisonnement professionnel non démontré.",enonce_long
v34-double-raisonnement-3092,supprimée,"Permutation de deux définitions, raisonnement professionnel non démontré.",enonce_long
v34-double-raisonnement-3101,supprimée,"Permutation de deux définitions, raisonnement professionnel non démontré.",
v34-double-raisonnement-3107,supprimée,"Permutation de deux définitions, raisonnement professionnel non démontré.",
v34-double-raisonnement-3120,supprimée,"Permutation de deux définitions, raisonnement professionnel non démontré.",
v34-double-raisonnement-3126,supprimée,"Permutation de deux définitions, raisonnement professionnel non démontré.",
v34-triple-raisonnement-3110,supprimée,"Permutation de trois définitions, lecture trop longue et niveau artificiel.",enonce_long
v34-triple-raisonnement-3111,supprimée,"Permutation de trois définitions, lecture trop longue et niveau artificiel.",enonce_long
v34-triple-raisonnement-3114,supprimée,"Permutation de trois définitions, lecture trop longue et niveau artificiel.",enonce_long
v34-triple-raisonnement-3115,supprimée,"Permutation de trois définitions, lecture trop longue et niveau artificiel.",enonce_long
v34-triple-raisonnement-3129,supprimée,"Permutation de trois définitions, lecture trop longue et niveau artificiel.",enonce_long
hard-formula-0083,supprimée,"Formules répétées, bases parfois implicites et corrections récitées ; remplacement sélectif avec justification.",
hard-formula-0085,supprimée,"Formules répétées, bases parfois implicites et corrections récitées ; remplacement sélectif avec justification.",
v31-pair-drcv-1re-6-22-6-23,supprimée,Définitions recopiées et propositions par permutation.,choix_long
v32a-cumulative-drcv-1re-06-27,supprimée,Attribution de titres à des extraits ; faible transfert.,enonce_long
v34-association-raisonnee-3133,supprimée,"Association de titres et définitions, indices lexicaux, distracteurs permutés.",choix_long
v34-association-raisonnee-3134,supprimée,"Association de titres et définitions, indices lexicaux, distracteurs permutés.",choix_long
v34-association-raisonnee-9079,supprimée,"Association de titres et définitions, indices lexicaux, distracteurs permutés.",choix_long
v34-association-raisonnee-9080,supprimée,"Association de titres et définitions, indices lexicaux, distracteurs permutés.",
v34-association-raisonnee-9081,supprimée,"Association de titres et définitions, indices lexicaux, distracteurs permutés.",
v34-diagnostic-formule-3157,supprimée,"Objectif formulé comme un titre de cours, choix longs et répétitifs.",
v34-diagnostic-formule-3158,supprimée,"Objectif formulé comme un titre de cours, choix longs et répétitifs.",
v34-distinction-raisonnee-3139,supprimée,Juxtaposition de définitions ; reconstruction nécessaire.,choix_long
v34-double-raisonnement-3146,supprimée,"Permutation de deux définitions, raisonnement professionnel non démontré.",enonce_long
v34-double-raisonnement-3149,supprimée,"Permutation de deux définitions, raisonnement professionnel non démontré.",enonce_long
v34-double-raisonnement-3153,supprimée,"Permutation de deux définitions, raisonnement professionnel non démontré.",
v34-triple-raisonnement-3145,supprimée,"Permutation de trois définitions, lecture trop longue et niveau artificiel.",enonce_long
v34-triple-raisonnement-3154,supprimée,"Permutation de trois définitions, lecture trop longue et niveau artificiel.",enonce_long
v34-triple-raisonnement-3156,supprimée,"Permutation de trois définitions, lecture trop longue et niveau artificiel.",enonce_long
hard-formula-0087,supprimée,"Formules répétées, bases parfois implicites et corrections récitées ; remplacement sélectif avec justification.",
hard-formula-0089,supprimée,"Formules répétées, bases parfois implicites et corrections récitées ; remplacement sélectif avec justification.",
v31-cross-drcv-1re-7-1-7-12,supprimée,Définitions recopiées et propositions par permutation.,choix_long
v31-pair-drcv-1re-7-1-7-3,supprimée,Définitions recopiées et propositions par permutation.,choix_long
v32a-pair-drcv-1re-07-28-1,supprimée,Diagnostic de titres de cours et associations artificielles.,enonce_long
v34-association-raisonnee-3160,supprimée,"Association de titres et définitions, indices lexicaux, distracteurs permutés.",choix_long
v34-association-raisonnee-3161,supprimée,"Association de titres et définitions, indices lexicaux, distracteurs permutés.",
v34-association-raisonnee-3163,supprimée,"Association de titres et définitions, indices lexicaux, distracteurs permutés.",
v34-association-raisonnee-3164,supprimée,"Association de titres et définitions, indices lexicaux, distracteurs permutés.",
v34-association-raisonnee-3165,supprimée,"Association de titres et définitions, indices lexicaux, distracteurs permutés.",
v34-diagnostic-formule-3194,supprimée,"Objectif formulé comme un titre de cours, choix longs et répétitifs.",
v34-diagnostic-formule-3195,supprimée,"Objectif formulé comme un titre de cours, choix longs et répétitifs.",
v34-distinction-raisonnee-3172,supprimée,Juxtaposition de définitions ; reconstruction nécessaire.,choix_long
v34-distinction-raisonnee-3181,supprimée,Juxtaposition de définitions ; reconstruction nécessaire.,choix_long
v34-distinction-raisonnee-3192,supprimée,Juxtaposition de définitions ; reconstruction nécessaire.,choix_long
v34-double-raisonnement-3167,supprimée,"Permutation de deux définitions, raisonnement professionnel non démontré.",enonce_long
v34-triple-raisonnement-3179,supprimée,"Permutation de trois définitions, lecture trop longue et niveau artificiel.",enonce_long
v34-triple-raisonnement-3186,supprimée,"Permutation de trois définitions, lecture trop longue et niveau artificiel.",enonce_long
v31-cross-drcv-1re-7-6-7-1,supprimée,Définitions recopiées et propositions par permutation.,choix_long
v32a-pair-drcv-1re-07-29-1,supprimée,Diagnostic de titres de cours et associations artificielles.,
v34-association-raisonnee-3196,supprimée,"Association de titres et définitions, indices lexicaux, distracteurs permutés.",
v34-association-raisonnee-3197,supprimée,"Association de titres et définitions, indices lexicaux, distracteurs permutés.",
v34-association-raisonnee-3198,supprimée,"Association de titres et définitions, indices lexicaux, distracteurs permutés.",choix_long
v34-association-raisonnee-3199,supprimée,"Association de titres et définitions, indices lexicaux, distracteurs permutés.",choix_long
v34-association-raisonnee-9082,supprimée,"Association de titres et définitions, indices lexicaux, distracteurs permutés.",
v34-diagnostic-formule-3222,supprimée,"Objectif formulé comme un titre de cours, choix longs et répétitifs.",
v34-diagnostic-formule-3223,supprimée,"Objectif formulé comme un titre de cours, choix longs et répétitifs.",
v34-distinction-raisonnee-3202,supprimée,Juxtaposition de définitions ; reconstruction nécessaire.,choix_long
v34-distinction-raisonnee-3204,supprimée,Juxtaposition de définitions ; reconstruction nécessaire.,choix_long
v34-distinction-raisonnee-3206,supprimée,Juxtaposition de définitions ; reconstruction nécessaire.,choix_long
v34-distinction-raisonnee-3217,supprimée,Juxtaposition de définitions ; reconstruction nécessaire.,choix_long
v34-double-raisonnement-3203,supprimée,"Permutation de deux définitions, raisonnement professionnel non démontré.",
v34-double-raisonnement-3214,supprimée,"Permutation de deux définitions, raisonnement professionnel non démontré.",enonce_long
v34-triple-raisonnement-3208,supprimée,"Permutation de trois définitions, lecture trop longue et niveau artificiel.",enonce_long
v34-triple-raisonnement-3210,supprimée,"Permutation de trois définitions, lecture trop longue et niveau artificiel.",enonce_long
v34-triple-raisonnement-3221,supprimée,"Permutation de trois définitions, lecture trop longue et niveau artificiel.",enonce_long
v31-cross-drcv-1re-7-11-7-18,supprimée,Définitions recopiées et propositions par permutation.,choix_long
v32a-pair-drcv-1re-07-31-1,supprimée,Diagnostic de titres de cours et associations artificielles.,enonce_long
v34-association-raisonnee-3226,supprimée,"Association de titres et définitions, indices lexicaux, distracteurs permutés.",choix_long
v34-association-raisonnee-3227,supprimée,"Association de titres et définitions, indices lexicaux, distracteurs permutés.",choix_long
v34-association-raisonnee-3231,supprimée,"Association de titres et définitions, indices lexicaux, distracteurs permutés.",
v34-association-raisonnee-3232,supprimée,"Association de titres et définitions, indices lexicaux, distracteurs permutés.",
v34-association-raisonnee-3234,supprimée,"Association de titres et définitions, indices lexicaux, distracteurs permutés.",
v34-diagnostic-formule-3255,supprimée,"Objectif formulé comme un titre de cours, choix longs et répétitifs.",
v34-double-raisonnement-3237,supprimée,"Permutation de deux définitions, raisonnement professionnel non démontré.",enonce_long
v34-double-raisonnement-3238,supprimée,"Permutation de deux définitions, raisonnement professionnel non démontré.",enonce_long
v34-double-raisonnement-3240,supprimée,"Permutation de deux définitions, raisonnement professionnel non démontré.",enonce_long
v34-double-raisonnement-3246,supprimée,"Permutation de deux définitions, raisonnement professionnel non démontré.",enonce_long
v34-double-raisonnement-3247,supprimée,"Permutation de deux définitions, raisonnement professionnel non démontré.",enonce_long
v34-double-raisonnement-3248,supprimée,"Permutation de deux définitions, raisonnement professionnel non démontré.",enonce_long
v34-double-raisonnement-3251,supprimée,"Permutation de deux définitions, raisonnement professionnel non démontré.",enonce_long
v34-triple-raisonnement-3243,supprimée,"Permutation de trois définitions, lecture trop longue et niveau artificiel.",enonce_long
v34-triple-raisonnement-3244,supprimée,"Permutation de trois définitions, lecture trop longue et niveau artificiel.",enonce_long
v34-triple-raisonnement-3253,supprimée,"Permutation de trois définitions, lecture trop longue et niveau artificiel.",enonce_long
v31-cross-drcv-1re-7-12-7-1,supprimée,Définitions recopiées et propositions par permutation.,choix_long
v32a-cumulative-drcv-1re-07-32,supprimée,Attribution de titres à des extraits ; faible transfert.,enonce_long
v34-association-raisonnee-3256,supprimée,"Association de titres et définitions, indices lexicaux, distracteurs permutés.",
v34-association-raisonnee-3257,supprimée,"Association de titres et définitions, indices lexicaux, distracteurs permutés.",
v34-association-raisonnee-9083,supprimée,"Association de titres et définitions, indices lexicaux, distracteurs permutés.",
v34-association-raisonnee-9084,supprimée,"Association de titres et définitions, indices lexicaux, distracteurs permutés.",
v34-association-raisonnee-9085,supprimée,"Association de titres et définitions, indices lexicaux, distracteurs permutés.",
v34-diagnostic-formule-3264,supprimée,"Objectif formulé comme un titre de cours, choix longs et répétitifs.",
v34-diagnostic-formule-3265,supprimée,"Objectif formulé comme un titre de cours, choix longs et répétitifs.",
v34-double-raisonnement-3258,supprimée,"Permutation de deux définitions, raisonnement professionnel non démontré.",enonce_long
v34-double-raisonnement-3259,supprimée,"Permutation de deux définitions, raisonnement professionnel non démontré.",enonce_long
v34-double-raisonnement-3260,supprimée,"Permutation de deux définitions, raisonnement professionnel non démontré.",enonce_long
v34-double-raisonnement-3261,supprimée,"Permutation de deux définitions, raisonnement professionnel non démontré.",enonce_long
v34-double-raisonnement-3262,supprimée,"Permutation de deux définitions, raisonnement professionnel non démontré.",enonce_long
v34-double-raisonnement-3263,supprimée,"Permutation de deux définitions, raisonnement professionnel non démontré.",enonce_long
v34-triple-raisonnement-9086,supprimée,"Permutation de trois définitions, lecture trop longue et niveau artificiel.",enonce_long
v34-triple-raisonnement-9087,supprimée,"Permutation de trois définitions, lecture trop longue et niveau artificiel.",enonce_long
v34-triple-raisonnement-9088,supprimée,"Permutation de trois définitions, lecture trop longue et niveau artificiel.",enonce_long
v31-cross-drcv-1re-7-14-7-1,supprimée,Définitions recopiées et propositions par permutation.,choix_long
v32a-pair-drcv-1re-07-33-1,supprimée,Diagnostic de titres de cours et associations artificielles.,enonce_long
v34-association-raisonnee-3267,supprimée,"Association de titres et définitions, indices lexicaux, distracteurs permutés.",
v34-association-raisonnee-3268,supprimée,"Association de titres et définitions, indices lexicaux, distracteurs permutés.",
v34-association-raisonnee-3269,supprimée,"Association de titres et définitions, indices lexicaux, distracteurs permutés.",choix_long
v34-association-raisonnee-3270,supprimée,"Association de titres et définitions, indices lexicaux, distracteurs permutés.",choix_long
v34-association-raisonnee-3271,supprimée,"Association de titres et définitions, indices lexicaux, distracteurs permutés.",choix_long
v34-diagnostic-formule-3297,supprimée,"Objectif formulé comme un titre de cours, choix longs et répétitifs.",
v34-distinction-raisonnee-3277,supprimée,Juxtaposition de définitions ; reconstruction nécessaire.,choix_long
v34-double-raisonnement-3274,supprimée,"Permutation de deux définitions, raisonnement professionnel non démontré.",enonce_long
v34-double-raisonnement-3278,supprimée,"Permutation de deux définitions, raisonnement professionnel non démontré.",enonce_long
v34-double-raisonnement-3283,supprimée,"Permutation de deux définitions, raisonnement professionnel non démontré.",enonce_long
v34-double-raisonnement-3290,supprimée,"Permutation de deux définitions, raisonnement professionnel non démontré.",enonce_long
v34-double-raisonnement-3294,supprimée,"Permutation de deux définitions, raisonnement professionnel non démontré.",enonce_long
v34-double-raisonnement-3295,supprimée,"Permutation de deux définitions, raisonnement professionnel non démontré.",enonce_long
v34-triple-raisonnement-9089,supprimée,"Permutation de trois définitions, lecture trop longue et niveau artificiel.",enonce_long
v34-triple-raisonnement-9090,supprimée,"Permutation de trois définitions, lecture trop longue et niveau artificiel.",enonce_long
v34-triple-raisonnement-9091,supprimée,"Permutation de trois définitions, lecture trop longue et niveau artificiel.",enonce_long
hard-formula-0091,supprimée,"Formules répétées, bases parfois implicites et corrections récitées ; remplacement sélectif avec justification.",
v31-pair-drcv-1re-7-16-7-17,supprimée,Définitions recopiées et propositions par permutation.,choix_long
v31-pair-drcv-1re-7-16-7-18,supprimée,Définitions recopiées et propositions par permutation.,choix_long
v31-pair-drcv-1re-7-17-7-18,supprimée,Définitions recopiées et propositions par permutation.,choix_long
v32a-cumulative-drcv-1re-07-34,supprimée,Attribution de titres à des extraits ; faible transfert.,enonce_long
v34-association-raisonnee-3298,supprimée,"Association de titres et définitions, indices lexicaux, distracteurs permutés.",
v34-association-raisonnee-3299,supprimée,"Association de titres et définitions, indices lexicaux, distracteurs permutés.",
v34-association-raisonnee-9092,supprimée,"Association de titres et définitions, indices lexicaux, distracteurs permutés.",
v34-association-raisonnee-9093,supprimée,"Association de titres et définitions, indices lexicaux, distracteurs permutés.",
v34-association-raisonnee-9094,supprimée,"Association de titres et définitions, indices lexicaux, distracteurs permutés.",
v34-diagnostic-formule-3306,supprimée,"Objectif formulé comme un titre de cours, choix longs et répétitifs.",
v34-diagnostic-formule-3307,supprimée,"Objectif formulé comme un titre de cours, choix longs et répétitifs.",choix_long
v34-diagnostic-formule-3308,supprimée,"Objectif formulé comme un titre de cours, choix longs et répétitifs.",
v34-diagnostic-formule-3309,supprimée,"Objectif formulé comme un titre de cours, choix longs et répétitifs.",
v34-diagnostic-formule-3310,supprimée,"Objectif formulé comme un titre de cours, choix longs et répétitifs.",choix_long
v34-double-raisonnement-3301,supprimée,"Permutation de deux définitions, raisonnement professionnel non démontré.",enonce_long
v34-double-raisonnement-3303,supprimée,"Permutation de deux définitions, raisonnement professionnel non démontré.",enonce_long
v34-double-raisonnement-3304,supprimée,"Permutation de deux définitions, raisonnement professionnel non démontré.",enonce_long
v31-cross-drcv-2e-1-2-1-3,supprimée,Définitions recopiées et propositions par permutation.,choix_long
v31-example-drcv-2e-1-1,supprimée,Mini-cas souvent suivi de titres de cours ou ordre arbitraire ; remplacé par une décision explicite.,
v34-association-raisonnee-3312,supprimée,"Association de titres et définitions, indices lexicaux, distracteurs permutés.",choix_long
v34-association-raisonnee-3313,supprimée,"Association de titres et définitions, indices lexicaux, distracteurs permutés.",choix_long
v34-association-raisonnee-3314,supprimée,"Association de titres et définitions, indices lexicaux, distracteurs permutés.",choix_long
v34-association-raisonnee-3315,supprimée,"Association de titres et définitions, indices lexicaux, distracteurs permutés.",choix_long
v34-association-raisonnee-9095,supprimée,"Association de titres et définitions, indices lexicaux, distracteurs permutés.",choix_long
v34-double-raisonnement-3316,supprimée,"Permutation de deux définitions, raisonnement professionnel non démontré.",enonce_long
v34-double-raisonnement-3318,supprimée,"Permutation de deux définitions, raisonnement professionnel non démontré.",enonce_long
v34-double-raisonnement-3319,supprimée,"Permutation de deux définitions, raisonnement professionnel non démontré.",enonce_long
v34-double-raisonnement-3320,supprimée,"Permutation de deux définitions, raisonnement professionnel non démontré.",enonce_long
v34-double-raisonnement-3321,supprimée,"Permutation de deux définitions, raisonnement professionnel non démontré.",enonce_long
v34-double-raisonnement-3322,supprimée,"Permutation de deux définitions, raisonnement professionnel non démontré.",enonce_long
v34-double-raisonnement-3323,supprimée,"Permutation de deux définitions, raisonnement professionnel non démontré.",enonce_long
v31-pair-drcv-2e-1-3-1-5,supprimée,Définitions recopiées et propositions par permutation.,choix_long
v32a-pair-drcv-2e-01-02-1,supprimée,Diagnostic de titres de cours et associations artificielles.,enonce_long
v32a-pair-drcv-2e-01-02-2,supprimée,Diagnostic de titres de cours et associations artificielles.,enonce_long
v32a-pair-drcv-2e-01-02-3,supprimée,Diagnostic de titres de cours et associations artificielles.,enonce_long
v32a-triple-drcv-2e-01-02-1,supprimée,Attribution mécanique de trois titres.,enonce_long
v34-association-raisonnee-3324,supprimée,"Association de titres et définitions, indices lexicaux, distracteurs permutés.",choix_long
v34-association-raisonnee-3326,supprimée,"Association de titres et définitions, indices lexicaux, distracteurs permutés.",choix_long
v34-association-raisonnee-3327,supprimée,"Association de titres et définitions, indices lexicaux, distracteurs permutés.",choix_long
v34-association-raisonnee-3328,supprimée,"Association de titres et définitions, indices lexicaux, distracteurs permutés.",choix_long
v34-association-raisonnee-3329,supprimée,"Association de titres et définitions, indices lexicaux, distracteurs permutés.",choix_long
v34-distinction-raisonnee-3331,supprimée,Juxtaposition de définitions ; reconstruction nécessaire.,choix_long
v34-distinction-raisonnee-3343,supprimée,Juxtaposition de définitions ; reconstruction nécessaire.,choix_long
v34-distinction-raisonnee-3345,supprimée,Juxtaposition de définitions ; reconstruction nécessaire.,choix_long
v34-double-raisonnement-3330,supprimée,"Permutation de deux définitions, raisonnement professionnel non démontré.",enonce_long
v34-double-raisonnement-3340,supprimée,"Permutation de deux définitions, raisonnement professionnel non démontré.",enonce_long
v34-triple-raisonnement-3335,supprimée,"Permutation de trois définitions, lecture trop longue et niveau artificiel.",enonce_long
v34-triple-raisonnement-3341,supprimée,"Permutation de trois définitions, lecture trop longue et niveau artificiel.",enonce_long
v34-triple-raisonnement-3347,supprimée,"Permutation de trois définitions, lecture trop longue et niveau artificiel.",enonce_long
hard-formula-0093,supprimée,"Formules répétées, bases parfois implicites et corrections récitées ; remplacement sélectif avec justification.",
v31-example-drcv-2e-1-6,supprimée,Mini-cas souvent suivi de titres de cours ou ordre arbitraire ; remplacé par une décision explicite.,
v32a-cumulative-drcv-2e-01-03,supprimée,Attribution de titres à des extraits ; faible transfert.,enonce_long
v34-association-raisonnee-3348,supprimée,"Association de titres et définitions, indices lexicaux, distracteurs permutés.",choix_long
v34-association-raisonnee-3349,supprimée,"Association de titres et définitions, indices lexicaux, distracteurs permutés.",choix_long
v34-association-raisonnee-3350,supprimée,"Association de titres et définitions, indices lexicaux, distracteurs permutés.",choix_long
v34-association-raisonnee-9096,supprimée,"Association de titres et définitions, indices lexicaux, distracteurs permutés.",choix_long
v34-double-raisonnement-3351,supprimée,"Permutation de deux définitions, raisonnement professionnel non démontré.",enonce_long
v34-double-raisonnement-3352,supprimée,"Permutation de deux définitions, raisonnement professionnel non démontré.",enonce_long
v34-double-raisonnement-3354,supprimée,"Permutation de deux définitions, raisonnement professionnel non démontré.",enonce_long
v34-triple-raisonnement-3355,supprimée,"Permutation de trois définitions, lecture trop longue et niveau artificiel.",enonce_long
v34-triple-raisonnement-3356,supprimée,"Permutation de trois définitions, lecture trop longue et niveau artificiel.",enonce_long
v34-triple-raisonnement-3357,supprimée,"Permutation de trois définitions, lecture trop longue et niveau artificiel.",enonce_long
hard-formula-0095,supprimée,"Formules répétées, bases parfois implicites et corrections récitées ; remplacement sélectif avec justification.",
v34-diagnostic-formule-3358,supprimée,"Objectif formulé comme un titre de cours, choix longs et répétitifs.",choix_long
v34-diagnostic-formule-3359,supprimée,"Objectif formulé comme un titre de cours, choix longs et répétitifs.",choix_long
v32a-cumulative-drcv-2e-01-06,supprimée,Attribution de titres à des extraits ; faible transfert.,enonce_long
v34-association-raisonnee-3360,supprimée,"Association de titres et définitions, indices lexicaux, distracteurs permutés.",choix_long
v34-association-raisonnee-3361,supprimée,"Association de titres et définitions, indices lexicaux, distracteurs permutés.",
v34-association-raisonnee-3362,supprimée,"Association de titres et définitions, indices lexicaux, distracteurs permutés.",
v34-association-raisonnee-3363,supprimée,"Association de titres et définitions, indices lexicaux, distracteurs permutés.",choix_long
v34-association-raisonnee-3367,supprimée,"Association de titres et définitions, indices lexicaux, distracteurs permutés.",
v34-distinction-raisonnee-3370,supprimée,Juxtaposition de définitions ; reconstruction nécessaire.,choix_long
v34-distinction-raisonnee-3388,supprimée,Juxtaposition de définitions ; reconstruction nécessaire.,choix_long
v34-distinction-raisonnee-3407,supprimée,Juxtaposition de définitions ; reconstruction nécessaire.,choix_long
v34-double-raisonnement-3373,supprimée,"Permutation de deux définitions, raisonnement professionnel non démontré.",enonce_long
v34-double-raisonnement-3374,supprimée,"Permutation de deux définitions, raisonnement professionnel non démontré.",
v34-double-raisonnement-3390,supprimée,"Permutation de deux définitions, raisonnement professionnel non démontré.",enonce_long
v34-double-raisonnement-3392,supprimée,"Permutation de deux définitions, raisonnement professionnel non démontré.",enonce_long
v34-triple-raisonnement-3382,supprimée,"Permutation de trois définitions, lecture trop longue et niveau artificiel.",enonce_long
v34-triple-raisonnement-3400,supprimée,"Permutation de trois définitions, lecture trop longue et niveau artificiel.",enonce_long
v34-triple-raisonnement-3412,supprimée,"Permutation de trois définitions, lecture trop longue et niveau artificiel.",enonce_long
v34-triple-raisonnement-3413,supprimée,"Permutation de trois définitions, lecture trop longue et niveau artificiel.",enonce_long
v34-triple-raisonnement-3416,supprimée,"Permutation de trois définitions, lecture trop longue et niveau artificiel.",enonce_long
v31-cross-drcv-2e-1-11-1-19,supprimée,Définitions recopiées et propositions par permutation.,choix_long
v32a-cumulative-drcv-2e-01-07,supprimée,Attribution de titres à des extraits ; faible transfert.,enonce_long
v34-association-raisonnee-3419,supprimée,"Association de titres et définitions, indices lexicaux, distracteurs permutés.",
v34-association-raisonnee-3420,supprimée,"Association de titres et définitions, indices lexicaux, distracteurs permutés.",
v34-association-raisonnee-3421,supprimée,"Association de titres et définitions, indices lexicaux, distracteurs permutés.",
v34-association-raisonnee-9097,supprimée,"Association de titres et définitions, indices lexicaux, distracteurs permutés.",
v34-diagnostic-formule-3431,supprimée,"Objectif formulé comme un titre de cours, choix longs et répétitifs.",choix_long
v34-double-raisonnement-3424,supprimée,"Permutation de deux définitions, raisonnement professionnel non démontré.",
v34-double-raisonnement-3425,supprimée,"Permutation de deux définitions, raisonnement professionnel non démontré.",
v34-double-raisonnement-3427,supprimée,"Permutation de deux définitions, raisonnement professionnel non démontré.",
v34-double-raisonnement-3428,supprimée,"Permutation de deux définitions, raisonnement professionnel non démontré.",
v34-double-raisonnement-3429,supprimée,"Permutation de deux définitions, raisonnement professionnel non démontré.",
v34-triple-raisonnement-9098,supprimée,"Permutation de trois définitions, lecture trop longue et niveau artificiel.",enonce_long
hard-formula-0097,supprimée,"Formules répétées, bases parfois implicites et corrections récitées ; remplacement sélectif avec justification.",
v31-cross-drcv-2e-1-12-1-2,supprimée,Définitions recopiées et propositions par permutation.,choix_long
v32a-cumulative-drcv-2e-01-10,supprimée,Attribution de titres à des extraits ; faible transfert.,
v34-association-raisonnee-3432,supprimée,"Association de titres et définitions, indices lexicaux, distracteurs permutés.",
v34-association-raisonnee-3433,supprimée,"Association de titres et définitions, indices lexicaux, distracteurs permutés.",
v34-association-raisonnee-3434,supprimée,"Association de titres et définitions, indices lexicaux, distracteurs permutés.",
v34-association-raisonnee-9099,supprimée,"Association de titres et définitions, indices lexicaux, distracteurs permutés.",
v34-diagnostic-formule-3446,supprimée,"Objectif formulé comme un titre de cours, choix longs et répétitifs.",choix_long
v34-diagnostic-formule-3447,supprimée,"Objectif formulé comme un titre de cours, choix longs et répétitifs.",choix_long
v34-diagnostic-formule-3448,supprimée,"Objectif formulé comme un titre de cours, choix longs et répétitifs.",
v34-double-raisonnement-3435,supprimée,"Permutation de deux définitions, raisonnement professionnel non démontré.",enonce_long
v34-double-raisonnement-3436,supprimée,"Permutation de deux définitions, raisonnement professionnel non démontré.",
v34-double-raisonnement-3440,supprimée,"Permutation de deux définitions, raisonnement professionnel non démontré.",
v32a-cumulative-drcv-2e-01-11,supprimée,Attribution de titres à des extraits ; faible transfert.,enonce_long
v34-association-raisonnee-3449,supprimée,"Association de titres et définitions, indices lexicaux, distracteurs permutés.",
v34-association-raisonnee-3450,supprimée,"Association de titres et définitions, indices lexicaux, distracteurs permutés.",
v34-association-raisonnee-3451,supprimée,"Association de titres et définitions, indices lexicaux, distracteurs permutés.",
v34-association-raisonnee-9100,supprimée,"Association de titres et définitions, indices lexicaux, distracteurs permutés.",
v34-diagnostic-formule-3460,supprimée,"Objectif formulé comme un titre de cours, choix longs et répétitifs.",choix_long
v34-diagnostic-formule-3461,supprimée,"Objectif formulé comme un titre de cours, choix longs et répétitifs.",choix_long
v34-diagnostic-formule-3463,supprimée,"Objectif formulé comme un titre de cours, choix longs et répétitifs.",choix_long
v34-diagnostic-formule-3465,supprimée,"Objectif formulé comme un titre de cours, choix longs et répétitifs.",
v34-double-raisonnement-3455,supprimée,"Permutation de deux définitions, raisonnement professionnel non démontré.",enonce_long
v34-double-raisonnement-3456,supprimée,"Permutation de deux définitions, raisonnement professionnel non démontré.",enonce_long
v34-double-raisonnement-3458,supprimée,"Permutation de deux définitions, raisonnement professionnel non démontré.",enonce_long
v34-double-raisonnement-3459,supprimée,"Permutation de deux définitions, raisonnement professionnel non démontré.",enonce_long
v31-cross-drcv-2e-1-19-1-11,supprimée,Définitions recopiées et propositions par permutation.,choix_long
v32a-pair-drcv-2e-01-13-1,supprimée,Diagnostic de titres de cours et associations artificielles.,enonce_long
v32a-pair-drcv-2e-01-13-2,supprimée,Diagnostic de titres de cours et associations artificielles.,enonce_long
v32a-pair-drcv-2e-01-13-3,supprimée,Diagnostic de titres de cours et associations artificielles.,enonce_long
v34-association-raisonnee-3467,supprimée,"Association de titres et définitions, indices lexicaux, distracteurs permutés.",choix_long
v34-association-raisonnee-3473,supprimée,"Association de titres et définitions, indices lexicaux, distracteurs permutés.",
v34-association-raisonnee-3476,supprimée,"Association de titres et définitions, indices lexicaux, distracteurs permutés.",
v34-association-raisonnee-3478,supprimée,"Association de titres et définitions, indices lexicaux, distracteurs permutés.",
v34-association-raisonnee-3481,supprimée,"Association de titres et définitions, indices lexicaux, distracteurs permutés.",choix_long
v34-distinction-raisonnee-3500,supprimée,Juxtaposition de définitions ; reconstruction nécessaire.,choix_long
v34-double-raisonnement-3490,supprimée,"Permutation de deux définitions, raisonnement professionnel non démontré.",enonce_long
v34-double-raisonnement-3522,supprimée,"Permutation de deux définitions, raisonnement professionnel non démontré.",enonce_long
v34-double-raisonnement-3539,supprimée,"Permutation de deux définitions, raisonnement professionnel non démontré.",enonce_long
v34-double-raisonnement-3543,supprimée,"Permutation de deux définitions, raisonnement professionnel non démontré.",enonce_long
v34-triple-raisonnement-3493,supprimée,"Permutation de trois définitions, lecture trop longue et niveau artificiel.",enonce_long
v34-triple-raisonnement-3495,supprimée,"Permutation de trois définitions, lecture trop longue et niveau artificiel.",enonce_long
v34-triple-raisonnement-3512,supprimée,"Permutation de trois définitions, lecture trop longue et niveau artificiel.",enonce_long
v34-triple-raisonnement-3549,supprimée,"Permutation de trois définitions, lecture trop longue et niveau artificiel.",enonce_long
v31-cross-drcv-2e-1-16-1-2,supprimée,Définitions recopiées et propositions par permutation.,choix_long
v32a-cumulative-drcv-2e-01-14,supprimée,Attribution de titres à des extraits ; faible transfert.,enonce_long
v34-association-raisonnee-3556,supprimée,"Association de titres et définitions, indices lexicaux, distracteurs permutés.",choix_long
v34-association-raisonnee-3557,supprimée,"Association de titres et définitions, indices lexicaux, distracteurs permutés.",choix_long
v34-association-raisonnee-3558,supprimée,"Association de titres et définitions, indices lexicaux, distracteurs permutés.",choix_long
v34-association-raisonnee-9101,supprimée,"Association de titres et définitions, indices lexicaux, distracteurs permutés.",choix_long
v34-diagnostic-formule-3568,supprimée,"Objectif formulé comme un titre de cours, choix longs et répétitifs.",choix_long
v34-diagnostic-formule-3570,supprimée,"Objectif formulé comme un titre de cours, choix longs et répétitifs.",choix_long
v34-diagnostic-formule-3571,supprimée,"Objectif formulé comme un titre de cours, choix longs et répétitifs.",choix_long
v34-double-raisonnement-3559,supprimée,"Permutation de deux définitions, raisonnement professionnel non démontré.",enonce_long
v34-double-raisonnement-3564,supprimée,"Permutation de deux définitions, raisonnement professionnel non démontré.",enonce_long
v34-double-raisonnement-3565,supprimée,"Permutation de deux définitions, raisonnement professionnel non démontré.",enonce_long
v34-double-raisonnement-3566,supprimée,"Permutation de deux définitions, raisonnement professionnel non démontré.",enonce_long
hard-formula-0099,supprimée,"Formules répétées, bases parfois implicites et corrections récitées ; remplacement sélectif avec justification.",
hard-formula-0101,supprimée,"Formules répétées, bases parfois implicites et corrections récitées ; remplacement sélectif avec justification.",
hard-formula-0103,supprimée,"Formules répétées, bases parfois implicites et corrections récitées ; remplacement sélectif avec justification.",
hard-formula-0105,supprimée,"Formules répétées, bases parfois implicites et corrections récitées ; remplacement sélectif avec justification.",
hard-formula-0107,supprimée,"Formules répétées, bases parfois implicites et corrections récitées ; remplacement sélectif avec justification.",
hard-formula-0109,supprimée,"Formules répétées, bases parfois implicites et corrections récitées ; remplacement sélectif avec justification.",
v31-cross-drcv-2e-1-17-1-2,supprimée,Définitions recopiées et propositions par permutation.,choix_long
v31-example-drcv-2e-1-18,supprimée,Mini-cas souvent suivi de titres de cours ou ordre arbitraire ; remplacé par une décision explicite.,
v31-example-drcv-2e-1-21,supprimée,Mini-cas souvent suivi de titres de cours ou ordre arbitraire ; remplacé par une décision explicite.,
v32a-formpair-drcv-2e-01-15-1,supprimée,Paires de formules répétées ; reconstruction sélective.,
v32a-formpair-drcv-2e-01-15-2,supprimée,Paires de formules répétées ; reconstruction sélective.,
v32a-formpair-drcv-2e-01-15-3,supprimée,Paires de formules répétées ; reconstruction sélective.,
v32a-pair-drcv-2e-01-15-1,supprimée,Diagnostic de titres de cours et associations artificielles.,enonce_long
v32a-pair-drcv-2e-01-15-2,supprimée,Diagnostic de titres de cours et associations artificielles.,
v32a-pair-drcv-2e-01-15-3,supprimée,Diagnostic de titres de cours et associations artificielles.,enonce_long
v34-association-raisonnee-3573,supprimée,"Association de titres et définitions, indices lexicaux, distracteurs permutés.",choix_long
v34-association-raisonnee-3574,supprimée,"Association de titres et définitions, indices lexicaux, distracteurs permutés.",
v34-association-raisonnee-3575,supprimée,"Association de titres et définitions, indices lexicaux, distracteurs permutés.",
v34-association-raisonnee-3576,supprimée,"Association de titres et définitions, indices lexicaux, distracteurs permutés.",choix_long
v34-association-raisonnee-3577,supprimée,"Association de titres et définitions, indices lexicaux, distracteurs permutés.",
v34-triple-raisonnement-3592,supprimée,"Permutation de trois définitions, lecture trop longue et niveau artificiel.",enonce_long
v34-triple-raisonnement-3594,supprimée,"Permutation de trois définitions, lecture trop longue et niveau artificiel.",enonce_long
v34-triple-raisonnement-3605,supprimée,"Permutation de trois définitions, lecture trop longue et niveau artificiel.",enonce_long
v34-triple-raisonnement-3607,supprimée,"Permutation de trois définitions, lecture trop longue et niveau artificiel.",enonce_long
v34-association-raisonnee-3616,supprimée,"Association de titres et définitions, indices lexicaux, distracteurs permutés.",choix_long
v34-association-raisonnee-3617,supprimée,"Association de titres et définitions, indices lexicaux, distracteurs permutés.",choix_long
v34-association-raisonnee-3619,supprimée,"Association de titres et définitions, indices lexicaux, distracteurs permutés.",choix_long
v34-association-raisonnee-3620,supprimée,"Association de titres et définitions, indices lexicaux, distracteurs permutés.",choix_long
v34-association-raisonnee-3621,supprimée,"Association de titres et définitions, indices lexicaux, distracteurs permutés.",choix_long
v34-distinction-raisonnee-3639,supprimée,Juxtaposition de définitions ; reconstruction nécessaire.,choix_long
v34-distinction-raisonnee-3643,supprimée,Juxtaposition de définitions ; reconstruction nécessaire.,choix_long
v34-double-raisonnement-3622,supprimée,"Permutation de deux définitions, raisonnement professionnel non démontré.",
v34-double-raisonnement-3625,supprimée,"Permutation de deux définitions, raisonnement professionnel non démontré.",enonce_long
v34-double-raisonnement-3629,supprimée,"Permutation de deux définitions, raisonnement professionnel non démontré.",enonce_long
v34-double-raisonnement-3630,supprimée,"Permutation de deux définitions, raisonnement professionnel non démontré.",enonce_long
v34-double-raisonnement-3631,supprimée,"Permutation de deux définitions, raisonnement professionnel non démontré.",enonce_long
v34-double-raisonnement-3646,supprimée,"Permutation de deux définitions, raisonnement professionnel non démontré.",
v34-triple-raisonnement-3633,supprimée,"Permutation de trois définitions, lecture trop longue et niveau artificiel.",enonce_long
v34-triple-raisonnement-3634,supprimée,"Permutation de trois définitions, lecture trop longue et niveau artificiel.",enonce_long
v34-triple-raisonnement-3635,supprimée,"Permutation de trois définitions, lecture trop longue et niveau artificiel.",enonce_long
v34-triple-raisonnement-3648,supprimée,"Permutation de trois définitions, lecture trop longue et niveau artificiel.",enonce_long
v34-triple-raisonnement-3650,supprimée,"Permutation de trois définitions, lecture trop longue et niveau artificiel.",enonce_long
v31-pair-drcv-2e-2-3-2-4,supprimée,Définitions recopiées et propositions par permutation.,choix_long
v31-paircase-drcv-2e-2-3-2-4,supprimée,Définitions recopiées et propositions par permutation.,choix_long
v31-cross-drcv-2e-2-5-2-3,supprimée,Définitions recopiées et propositions par permutation.,choix_long
v32a-cumulative-drcv-2e-02-20,supprimée,Attribution de titres à des extraits ; faible transfert.,enonce_long
v34-distinction-raisonnee-3653,supprimée,Juxtaposition de définitions ; reconstruction nécessaire.,choix_long
v34-distinction-raisonnee-3655,supprimée,Juxtaposition de définitions ; reconstruction nécessaire.,choix_long
v34-double-raisonnement-3652,supprimée,"Permutation de deux définitions, raisonnement professionnel non démontré.",enonce_long
v34-double-raisonnement-3654,supprimée,"Permutation de deux définitions, raisonnement professionnel non démontré.",enonce_long
v34-double-raisonnement-9102,supprimée,"Permutation de deux définitions, raisonnement professionnel non démontré.",enonce_long
v34-triple-raisonnement-3656,supprimée,"Permutation de trois définitions, lecture trop longue et niveau artificiel.",enonce_long
v34-triple-raisonnement-9103,supprimée,"Permutation de trois définitions, lecture trop longue et niveau artificiel.",enonce_long
v32a-cumulative-drcv-2e-02-21,supprimée,Attribution de titres à des extraits ; faible transfert.,enonce_long
v34-association-raisonnee-3657,supprimée,"Association de titres et définitions, indices lexicaux, distracteurs permutés.",
v34-association-raisonnee-3658,supprimée,"Association de titres et définitions, indices lexicaux, distracteurs permutés.",
v34-association-raisonnee-9104,supprimée,"Association de titres et définitions, indices lexicaux, distracteurs permutés.",
v34-association-raisonnee-9105,supprimée,"Association de titres et définitions, indices lexicaux, distracteurs permutés.",
v34-distinction-raisonnee-3660,supprimée,Juxtaposition de définitions ; reconstruction nécessaire.,choix_long
v34-distinction-raisonnee-3662,supprimée,Juxtaposition de définitions ; reconstruction nécessaire.,choix_long
v34-distinction-raisonnee-3664,supprimée,Juxtaposition de définitions ; reconstruction nécessaire.,choix_long
v34-double-raisonnement-3659,supprimée,"Permutation de deux définitions, raisonnement professionnel non démontré.",enonce_long
v34-double-raisonnement-3663,supprimée,"Permutation de deux définitions, raisonnement professionnel non démontré.",enonce_long
v34-triple-raisonnement-3665,supprimée,"Permutation de trois définitions, lecture trop longue et niveau artificiel.",enonce_long
v34-triple-raisonnement-3666,supprimée,"Permutation de trois définitions, lecture trop longue et niveau artificiel.",enonce_long
v34-triple-raisonnement-3667,supprimée,"Permutation de trois définitions, lecture trop longue et niveau artificiel.",enonce_long
v31-cross-drcv-2e-2-7-2-10,supprimée,Définitions recopiées et propositions par permutation.,choix_long
v32a-pair-drcv-2e-02-22-1,supprimée,Diagnostic de titres de cours et associations artificielles.,enonce_long
v34-association-raisonnee-3668,supprimée,"Association de titres et définitions, indices lexicaux, distracteurs permutés.",choix_long
v34-association-raisonnee-3669,supprimée,"Association de titres et définitions, indices lexicaux, distracteurs permutés.",choix_long
v34-association-raisonnee-9106,supprimée,"Association de titres et définitions, indices lexicaux, distracteurs permutés.",choix_long
v34-association-raisonnee-9107,supprimée,"Association de titres et définitions, indices lexicaux, distracteurs permutés.",choix_long
v34-association-raisonnee-9108,supprimée,"Association de titres et définitions, indices lexicaux, distracteurs permutés.",choix_long
v34-distinction-raisonnee-3682,supprimée,Juxtaposition de définitions ; reconstruction nécessaire.,choix_long
v34-double-raisonnement-3670,supprimée,"Permutation de deux définitions, raisonnement professionnel non démontré.",enonce_long
v34-double-raisonnement-3673,supprimée,"Permutation de deux définitions, raisonnement professionnel non démontré.",enonce_long
v34-double-raisonnement-3678,supprimée,"Permutation de deux définitions, raisonnement professionnel non démontré.",enonce_long
v34-double-raisonnement-3679,supprimée,"Permutation de deux définitions, raisonnement professionnel non démontré.",enonce_long
v34-double-raisonnement-3683,supprimée,"Permutation de deux définitions, raisonnement professionnel non démontré.",enonce_long
v34-double-raisonnement-3684,supprimée,"Permutation de deux définitions, raisonnement professionnel non démontré.",enonce_long
v34-triple-raisonnement-3676,supprimée,"Permutation de trois définitions, lecture trop longue et niveau artificiel.",enonce_long
v34-triple-raisonnement-3677,supprimée,"Permutation de trois définitions, lecture trop longue et niveau artificiel.",enonce_long
v34-triple-raisonnement-3685,supprimée,"Permutation de trois définitions, lecture trop longue et niveau artificiel.",enonce_long
v34-triple-raisonnement-3687,supprimée,"Permutation de trois définitions, lecture trop longue et niveau artificiel.",enonce_long
v31-cross-drcv-2e-2-10-2-7,supprimée,Définitions recopiées et propositions par permutation.,choix_long
v32a-cumulative-drcv-2e-02-24,supprimée,Attribution de titres à des extraits ; faible transfert.,
v34-association-raisonnee-3689,supprimée,"Association de titres et définitions, indices lexicaux, distracteurs permutés.",
v34-association-raisonnee-3690,supprimée,"Association de titres et définitions, indices lexicaux, distracteurs permutés.",choix_long
v34-association-raisonnee-3691,supprimée,"Association de titres et définitions, indices lexicaux, distracteurs permutés.",choix_long
v34-association-raisonnee-3692,supprimée,"Association de titres et définitions, indices lexicaux, distracteurs permutés.",choix_long
v34-association-raisonnee-9109,supprimée,"Association de titres et définitions, indices lexicaux, distracteurs permutés.",choix_long
v34-double-raisonnement-3693,supprimée,"Permutation de deux définitions, raisonnement professionnel non démontré.",enonce_long
v34-double-raisonnement-3694,supprimée,"Permutation de deux définitions, raisonnement professionnel non démontré.",
v34-double-raisonnement-3695,supprimée,"Permutation de deux définitions, raisonnement professionnel non démontré.",enonce_long
v34-double-raisonnement-3696,supprimée,"Permutation de deux définitions, raisonnement professionnel non démontré.",
v34-double-raisonnement-3697,supprimée,"Permutation de deux définitions, raisonnement professionnel non démontré.",enonce_long
v34-double-raisonnement-3698,supprimée,"Permutation de deux définitions, raisonnement professionnel non démontré.",enonce_long
v34-double-raisonnement-9110,supprimée,"Permutation de deux définitions, raisonnement professionnel non démontré.",
v34-triple-raisonnement-3699,supprimée,"Permutation de trois définitions, lecture trop longue et niveau artificiel.",enonce_long
v34-triple-raisonnement-3700,supprimée,"Permutation de trois définitions, lecture trop longue et niveau artificiel.",enonce_long
v34-triple-raisonnement-9111,supprimée,"Permutation de trois définitions, lecture trop longue et niveau artificiel.",enonce_long
v34-triple-raisonnement-9112,supprimée,"Permutation de trois définitions, lecture trop longue et niveau artificiel.",enonce_long
v32a-cumulative-drcv-2e-02-26,supprimée,Attribution de titres à des extraits ; faible transfert.,enonce_long
v34-association-raisonnee-3701,supprimée,"Association de titres et définitions, indices lexicaux, distracteurs permutés.",choix_long
v34-association-raisonnee-3702,supprimée,"Association de titres et définitions, indices lexicaux, distracteurs permutés.",choix_long
v34-association-raisonnee-9113,supprimée,"Association de titres et définitions, indices lexicaux, distracteurs permutés.",choix_long
v34-association-raisonnee-9114,supprimée,"Association de titres et définitions, indices lexicaux, distracteurs permutés.",choix_long
v34-distinction-raisonnee-3704,supprimée,Juxtaposition de définitions ; reconstruction nécessaire.,choix_long
v34-distinction-raisonnee-3706,supprimée,Juxtaposition de définitions ; reconstruction nécessaire.,choix_long
v34-double-raisonnement-3705,supprimée,"Permutation de deux définitions, raisonnement professionnel non démontré.",enonce_long
v34-double-raisonnement-3712,supprimée,"Permutation de deux définitions, raisonnement professionnel non démontré.",enonce_long
v34-double-raisonnement-3713,supprimée,"Permutation de deux définitions, raisonnement professionnel non démontré.",
v34-triple-raisonnement-3716,supprimée,"Permutation de trois définitions, lecture trop longue et niveau artificiel.",enonce_long
v34-triple-raisonnement-3718,supprimée,"Permutation de trois définitions, lecture trop longue et niveau artificiel.",enonce_long
v34-triple-raisonnement-3720,supprimée,"Permutation de trois définitions, lecture trop longue et niveau artificiel.",enonce_long
v32a-cumulative-drcv-2e-02-27,supprimée,Attribution de titres à des extraits ; faible transfert.,enonce_long
v34-association-raisonnee-3721,supprimée,"Association de titres et définitions, indices lexicaux, distracteurs permutés.",choix_long
v34-association-raisonnee-3722,supprimée,"Association de titres et définitions, indices lexicaux, distracteurs permutés.",choix_long
v34-association-raisonnee-3723,supprimée,"Association de titres et définitions, indices lexicaux, distracteurs permutés.",choix_long
v34-association-raisonnee-3724,supprimée,"Association de titres et définitions, indices lexicaux, distracteurs permutés.",choix_long
v34-association-raisonnee-9115,supprimée,"Association de titres et définitions, indices lexicaux, distracteurs permutés.",choix_long
v34-double-raisonnement-3725,supprimée,"Permutation de deux définitions, raisonnement professionnel non démontré.",enonce_long
v34-double-raisonnement-3726,supprimée,"Permutation de deux définitions, raisonnement professionnel non démontré.",enonce_long
v34-double-raisonnement-3727,supprimée,"Permutation de deux définitions, raisonnement professionnel non démontré.",enonce_long
v34-double-raisonnement-3729,supprimée,"Permutation de deux définitions, raisonnement professionnel non démontré.",enonce_long
v34-double-raisonnement-3735,supprimée,"Permutation de deux définitions, raisonnement professionnel non démontré.",enonce_long
v34-double-raisonnement-3736,supprimée,"Permutation de deux définitions, raisonnement professionnel non démontré.",enonce_long
v34-double-raisonnement-3738,supprimée,"Permutation de deux définitions, raisonnement professionnel non démontré.",enonce_long
hard-formula-0111,supprimée,"Formules répétées, bases parfois implicites et corrections récitées ; remplacement sélectif avec justification.",
hard-formula-0113,supprimée,"Formules répétées, bases parfois implicites et corrections récitées ; remplacement sélectif avec justification.",
hard-formula-0115,supprimée,"Formules répétées, bases parfois implicites et corrections récitées ; remplacement sélectif avec justification.",
hard-formula-0117,supprimée,"Formules répétées, bases parfois implicites et corrections récitées ; remplacement sélectif avec justification.",
v31-cross-drcv-2e-2-25-2-3,supprimée,Définitions recopiées et propositions par permutation.,choix_long
v32a-formpair-drcv-2e-02-28-1,supprimée,Paires de formules répétées ; reconstruction sélective.,
v32a-formpair-drcv-2e-02-28-2,supprimée,Paires de formules répétées ; reconstruction sélective.,
v32a-formpair-drcv-2e-02-28-3,supprimée,Paires de formules répétées ; reconstruction sélective.,
v32a-pair-drcv-2e-02-28-1,supprimée,Diagnostic de titres de cours et associations artificielles.,enonce_long
v32a-pair-drcv-2e-02-28-2,supprimée,Diagnostic de titres de cours et associations artificielles.,
v32a-pair-drcv-2e-02-28-3,supprimée,Diagnostic de titres de cours et associations artificielles.,enonce_long
v34-association-raisonnee-3739,supprimée,"Association de titres et définitions, indices lexicaux, distracteurs permutés.",choix_long
v34-association-raisonnee-3740,supprimée,"Association de titres et définitions, indices lexicaux, distracteurs permutés.",
v34-association-raisonnee-3742,supprimée,"Association de titres et définitions, indices lexicaux, distracteurs permutés.",choix_long
v34-association-raisonnee-3743,supprimée,"Association de titres et définitions, indices lexicaux, distracteurs permutés.",
v34-association-raisonnee-3744,supprimée,"Association de titres et définitions, indices lexicaux, distracteurs permutés.",choix_long
v34-triple-raisonnement-3758,supprimée,"Permutation de trois définitions, lecture trop longue et niveau artificiel.",enonce_long
v34-triple-raisonnement-3761,supprimée,"Permutation de trois définitions, lecture trop longue et niveau artificiel.",enonce_long
v34-triple-raisonnement-3775,supprimée,"Permutation de trois définitions, lecture trop longue et niveau artificiel.",enonce_long
v34-triple-raisonnement-3777,supprimée,"Permutation de trois définitions, lecture trop longue et niveau artificiel.",enonce_long
v31-cross-drcv-2e-2-17-2-3,supprimée,Définitions recopiées et propositions par permutation.,choix_long
v32a-cumulative-drcv-2e-02-30,supprimée,Attribution de titres à des extraits ; faible transfert.,enonce_long
v34-association-raisonnee-3786,supprimée,"Association de titres et définitions, indices lexicaux, distracteurs permutés.",choix_long
v34-association-raisonnee-3787,supprimée,"Association de titres et définitions, indices lexicaux, distracteurs permutés.",choix_long
v34-association-raisonnee-9116,supprimée,"Association de titres et définitions, indices lexicaux, distracteurs permutés.",choix_long
v34-association-raisonnee-9117,supprimée,"Association de titres et définitions, indices lexicaux, distracteurs permutés.",choix_long
v34-distinction-raisonnee-3789,supprimée,Juxtaposition de définitions ; reconstruction nécessaire.,choix_long
v34-distinction-raisonnee-3795,supprimée,Juxtaposition de définitions ; reconstruction nécessaire.,choix_long
v34-double-raisonnement-3788,supprimée,"Permutation de deux définitions, raisonnement professionnel non démontré.",enonce_long
v34-double-raisonnement-3796,supprimée,"Permutation de deux définitions, raisonnement professionnel non démontré.",enonce_long
v34-double-raisonnement-3798,supprimée,"Permutation de deux définitions, raisonnement professionnel non démontré.",
v34-triple-raisonnement-3799,supprimée,"Permutation de trois définitions, lecture trop longue et niveau artificiel.",enonce_long
v34-triple-raisonnement-3801,supprimée,"Permutation de trois définitions, lecture trop longue et niveau artificiel.",enonce_long
hard-formula-0119,supprimée,"Formules répétées, bases parfois implicites et corrections récitées ; remplacement sélectif avec justification.",
hard-formula-0121,supprimée,"Formules répétées, bases parfois implicites et corrections récitées ; remplacement sélectif avec justification.",
v31-cross-drcv-2e-2-18-2-7,supprimée,Définitions recopiées et propositions par permutation.,choix_long
v31-cross-drcv-2e-2-20-2-22,supprimée,Définitions recopiées et propositions par permutation.,choix_long
v31-pair-drcv-2e-2-18-2-20,supprimée,Définitions recopiées et propositions par permutation.,choix_long
v32a-pair-drcv-2e-02-31-1,supprimée,Diagnostic de titres de cours et associations artificielles.,enonce_long
v34-association-raisonnee-3806,supprimée,"Association de titres et définitions, indices lexicaux, distracteurs permutés.",choix_long
v34-association-raisonnee-3807,supprimée,"Association de titres et définitions, indices lexicaux, distracteurs permutés.",choix_long
v34-association-raisonnee-9118,supprimée,"Association de titres et définitions, indices lexicaux, distracteurs permutés.",choix_long
v34-association-raisonnee-9119,supprimée,"Association de titres et définitions, indices lexicaux, distracteurs permutés.",choix_long
v34-association-raisonnee-9120,supprimée,"Association de titres et définitions, indices lexicaux, distracteurs permutés.",
v34-diagnostic-formule-3823,supprimée,"Objectif formulé comme un titre de cours, choix longs et répétitifs.",choix_long
v34-double-raisonnement-3808,supprimée,"Permutation de deux définitions, raisonnement professionnel non démontré.",enonce_long
v34-double-raisonnement-3811,supprimée,"Permutation de deux définitions, raisonnement professionnel non démontré.",enonce_long
v34-double-raisonnement-3812,supprimée,"Permutation de deux définitions, raisonnement professionnel non démontré.",enonce_long
v34-double-raisonnement-3814,supprimée,"Permutation de deux définitions, raisonnement professionnel non démontré.",enonce_long
v34-double-raisonnement-3817,supprimée,"Permutation de deux définitions, raisonnement professionnel non démontré.",enonce_long
v34-triple-raisonnement-9121,supprimée,"Permutation de trois définitions, lecture trop longue et niveau artificiel.",enonce_long
hard-formula-0123,supprimée,"Formules répétées, bases parfois implicites et corrections récitées ; remplacement sélectif avec justification.",
v31-example-drcv-2e-2-26,supprimée,Mini-cas souvent suivi de titres de cours ou ordre arbitraire ; remplacé par une décision explicite.,
v31-pair-drcv-2e-2-22-2-26,supprimée,Définitions recopiées et propositions par permutation.,choix_long
v32a-pair-drcv-2e-02-32-1,supprimée,Diagnostic de titres de cours et associations artificielles.,enonce_long
v34-association-raisonnee-3824,supprimée,"Association de titres et définitions, indices lexicaux, distracteurs permutés.",
v34-association-raisonnee-3825,supprimée,"Association de titres et définitions, indices lexicaux, distracteurs permutés.",choix_long
v34-association-raisonnee-3826,supprimée,"Association de titres et définitions, indices lexicaux, distracteurs permutés.",
v34-association-raisonnee-3827,supprimée,"Association de titres et définitions, indices lexicaux, distracteurs permutés.",choix_long
v34-association-raisonnee-9122,supprimée,"Association de titres et définitions, indices lexicaux, distracteurs permutés.",
v34-diagnostic-formule-3849,supprimée,"Objectif formulé comme un titre de cours, choix longs et répétitifs.",
v34-diagnostic-formule-3850,supprimée,"Objectif formulé comme un titre de cours, choix longs et répétitifs.",choix_long
v34-diagnostic-formule-3852,supprimée,"Objectif formulé comme un titre de cours, choix longs et répétitifs.",choix_long
v34-double-raisonnement-3829,supprimée,"Permutation de deux définitions, raisonnement professionnel non démontré.",enonce_long
v34-double-raisonnement-3834,supprimée,"Permutation de deux définitions, raisonnement professionnel non démontré.",enonce_long
v34-double-raisonnement-3839,supprimée,"Permutation de deux définitions, raisonnement professionnel non démontré.",enonce_long
v34-double-raisonnement-3842,supprimée,"Permutation de deux définitions, raisonnement professionnel non démontré.",enonce_long
v34-triple-raisonnement-3836,supprimée,"Permutation de trois définitions, lecture trop longue et niveau artificiel.",enonce_long
v34-triple-raisonnement-3844,supprimée,"Permutation de trois définitions, lecture trop longue et niveau artificiel.",enonce_long
v31-example-go-1re-1-1-2,supprimée,Mini-cas souvent suivi de titres de cours ou ordre arbitraire ; remplacé par une décision explicite.,
v31-example-go-1re-1-1-5,supprimée,Mini-cas souvent suivi de titres de cours ou ordre arbitraire ; remplacé par une décision explicite.,
v31-pair-go-1re-1-1-2-1-1-3,supprimée,Définitions recopiées et propositions par permutation.,choix_long
v31-pair-go-1re-1-1-2-1-1-4,supprimée,Définitions recopiées et propositions par permutation.,choix_long
v31-pair-go-1re-1-1-3-1-1-4,supprimée,Définitions recopiées et propositions par permutation.,choix_long
v32a-pair-go-1re-01-01-1,supprimée,Diagnostic de titres de cours et associations artificielles.,enonce_long
v32a-pair-go-1re-01-01-2,supprimée,Diagnostic de titres de cours et associations artificielles.,
v32a-pair-go-1re-01-01-3,supprimée,Diagnostic de titres de cours et associations artificielles.,enonce_long
v32a-triple-go-1re-01-01-1,supprimée,Attribution mécanique de trois titres.,enonce_long
v34-association-raisonnee-3855,supprimée,"Association de titres et définitions, indices lexicaux, distracteurs permutés.",
v34-association-raisonnee-3856,supprimée,"Association de titres et définitions, indices lexicaux, distracteurs permutés.",
v34-association-raisonnee-3857,supprimée,"Association de titres et définitions, indices lexicaux, distracteurs permutés.",
v34-association-raisonnee-3860,supprimée,"Association de titres et définitions, indices lexicaux, distracteurs permutés.",
v34-association-raisonnee-3861,supprimée,"Association de titres et définitions, indices lexicaux, distracteurs permutés.",
v34-distinction-raisonnee-3866,supprimée,Juxtaposition de définitions ; reconstruction nécessaire.,choix_long
v34-double-raisonnement-3881,supprimée,"Permutation de deux définitions, raisonnement professionnel non démontré.",enonce_long
v34-double-raisonnement-3885,supprimée,"Permutation de deux définitions, raisonnement professionnel non démontré.",
v34-triple-raisonnement-3897,supprimée,"Permutation de trois définitions, lecture trop longue et niveau artificiel.",enonce_long
go-formula-0001,supprimée,"Formules répétées, bases parfois implicites et corrections récitées ; remplacement sélectif avec justification.",
go-formula-0002,supprimée,"Formules répétées, bases parfois implicites et corrections récitées ; remplacement sélectif avec justification.",
go-formula-0003,supprimée,"Formules répétées, bases parfois implicites et corrections récitées ; remplacement sélectif avec justification.",
go-formula-0004,supprimée,"Formules répétées, bases parfois implicites et corrections récitées ; remplacement sélectif avec justification.",
go-formula-0005,supprimée,"Formules répétées, bases parfois implicites et corrections récitées ; remplacement sélectif avec justification.",
go-formula-0006,supprimée,"Formules répétées, bases parfois implicites et corrections récitées ; remplacement sélectif avec justification.",
go-formula-0007,supprimée,"Formules répétées, bases parfois implicites et corrections récitées ; remplacement sélectif avec justification.",
go-formula-0008,supprimée,"Formules répétées, bases parfois implicites et corrections récitées ; remplacement sélectif avec justification.",
go-formula-0009,supprimée,"Formules répétées, bases parfois implicites et corrections récitées ; remplacement sélectif avec justification.",
go-formula-0010,supprimée,"Formules répétées, bases parfois implicites et corrections récitées ; remplacement sélectif avec justification.",
go-formula-0011,supprimée,"Formules répétées, bases parfois implicites et corrections récitées ; remplacement sélectif avec justification.",
go-formula-0012,supprimée,"Formules répétées, bases parfois implicites et corrections récitées ; remplacement sélectif avec justification.",
go-formula-0013,supprimée,"Formules répétées, bases parfois implicites et corrections récitées ; remplacement sélectif avec justification.",
go-formula-0014,supprimée,"Formules répétées, bases parfois implicites et corrections récitées ; remplacement sélectif avec justification.",
v31-example-go-1re-1-2-2,supprimée,Mini-cas souvent suivi de titres de cours ou ordre arbitraire ; remplacé par une décision explicite.,
v31-example-go-1re-1-2-3,supprimée,Mini-cas souvent suivi de titres de cours ou ordre arbitraire ; remplacé par une décision explicite.,
v31-pair-go-1re-1-2-2-1-2-3,supprimée,Définitions recopiées et propositions par permutation.,
v32a-formpair-go-1re-01-02-1,supprimée,Paires de formules répétées ; reconstruction sélective.,
v32a-formpair-go-1re-01-02-2,supprimée,Paires de formules répétées ; reconstruction sélective.,
v32a-formpair-go-1re-01-02-3,supprimée,Paires de formules répétées ; reconstruction sélective.,
v32a-pair-go-1re-01-02-1,supprimée,Diagnostic de titres de cours et associations artificielles.,enonce_long
v32a-pair-go-1re-01-02-2,supprimée,Diagnostic de titres de cours et associations artificielles.,enonce_long
v32a-pair-go-1re-01-02-3,supprimée,Diagnostic de titres de cours et associations artificielles.,
v34-association-raisonnee-3899,supprimée,"Association de titres et définitions, indices lexicaux, distracteurs permutés.",choix_long
v34-association-raisonnee-3904,supprimée,"Association de titres et définitions, indices lexicaux, distracteurs permutés.",
v34-association-raisonnee-3905,supprimée,"Association de titres et définitions, indices lexicaux, distracteurs permutés.",
v34-association-raisonnee-3906,supprimée,"Association de titres et définitions, indices lexicaux, distracteurs permutés.",
v34-association-raisonnee-3911,supprimée,"Association de titres et définitions, indices lexicaux, distracteurs permutés.",
v34-diagnostic-formule-3961,supprimée,"Objectif formulé comme un titre de cours, choix longs et répétitifs.",
v34-diagnostic-formule-3966,supprimée,"Objectif formulé comme un titre de cours, choix longs et répétitifs.",choix_long
v34-diagnostic-formule-3968,supprimée,"Objectif formulé comme un titre de cours, choix longs et répétitifs.",
v34-triple-raisonnement-3936,supprimée,"Permutation de trois définitions, lecture trop longue et niveau artificiel.",enonce_long
v31-pair-go-1re-1-3-1-1-3-3,supprimée,Définitions recopiées et propositions par permutation.,choix_long
v32a-cumulative-go-1re-01-03,supprimée,Attribution de titres à des extraits ; faible transfert.,
v34-association-raisonnee-3977,supprimée,"Association de titres et définitions, indices lexicaux, distracteurs permutés.",
v34-association-raisonnee-3980,supprimée,"Association de titres et définitions, indices lexicaux, distracteurs permutés.",
v34-association-raisonnee-3985,supprimée,"Association de titres et définitions, indices lexicaux, distracteurs permutés.",
v34-association-raisonnee-3986,supprimée,"Association de titres et définitions, indices lexicaux, distracteurs permutés.",
v34-association-raisonnee-3987,supprimée,"Association de titres et définitions, indices lexicaux, distracteurs permutés.",
v34-diagnostic-formule-4068,supprimée,"Objectif formulé comme un titre de cours, choix longs et répétitifs.",choix_long
v34-diagnostic-formule-4073,supprimée,"Objectif formulé comme un titre de cours, choix longs et répétitifs.",
v34-diagnostic-formule-4075,supprimée,"Objectif formulé comme un titre de cours, choix longs et répétitifs.",
v34-diagnostic-formule-4076,supprimée,"Objectif formulé comme un titre de cours, choix longs et répétitifs.",
v34-diagnostic-formule-4077,supprimée,"Objectif formulé comme un titre de cours, choix longs et répétitifs.",
v34-distinction-raisonnee-4022,supprimée,Juxtaposition de définitions ; reconstruction nécessaire.,choix_long
v34-distinction-raisonnee-4038,supprimée,Juxtaposition de définitions ; reconstruction nécessaire.,choix_long
v34-double-raisonnement-4003,supprimée,"Permutation de deux définitions, raisonnement professionnel non démontré.",
v34-double-raisonnement-4013,supprimée,"Permutation de deux définitions, raisonnement professionnel non démontré.",enonce_long
v34-double-raisonnement-4015,supprimée,"Permutation de deux définitions, raisonnement professionnel non démontré.",enonce_long
v34-double-raisonnement-4021,supprimée,"Permutation de deux définitions, raisonnement professionnel non démontré.",enonce_long
go-formula-0015,supprimée,"Formules répétées, bases parfois implicites et corrections récitées ; remplacement sélectif avec justification.",
go-formula-0016,supprimée,"Formules répétées, bases parfois implicites et corrections récitées ; remplacement sélectif avec justification.",
go-formula-0017,supprimée,"Formules répétées, bases parfois implicites et corrections récitées ; remplacement sélectif avec justification.",
go-formula-0018,supprimée,"Formules répétées, bases parfois implicites et corrections récitées ; remplacement sélectif avec justification.",
v31-example-go-1re-2-1-6,supprimée,Mini-cas souvent suivi de titres de cours ou ordre arbitraire ; remplacé par une décision explicite.,
v31-pair-go-1re-2-1-1-2-1-2,supprimée,Définitions recopiées et propositions par permutation.,choix_long
v31-pair-go-1re-2-1-1-2-1-3,supprimée,Définitions recopiées et propositions par permutation.,choix_long
v31-pair-go-1re-2-1-1-2-1-4,supprimée,Définitions recopiées et propositions par permutation.,choix_long
v31-pair-go-1re-2-1-1-2-1-5,supprimée,Définitions recopiées et propositions par permutation.,choix_long
v31-pair-go-1re-2-1-2-2-1-3,supprimée,Définitions recopiées et propositions par permutation.,choix_long
v31-pair-go-1re-2-1-2-2-1-4,supprimée,Définitions recopiées et propositions par permutation.,choix_long
v31-pair-go-1re-2-1-2-2-1-5,supprimée,Définitions recopiées et propositions par permutation.,choix_long
v31-pair-go-1re-2-1-3-2-1-4,supprimée,Définitions recopiées et propositions par permutation.,choix_long
v31-pair-go-1re-2-1-3-2-1-5,supprimée,Définitions recopiées et propositions par permutation.,choix_long
v31-pair-go-1re-2-1-4-2-1-5,supprimée,Définitions recopiées et propositions par permutation.,choix_long
v32a-pair-go-1re-02-04-1,supprimée,Diagnostic de titres de cours et associations artificielles.,enonce_long
v32a-pair-go-1re-02-04-2,supprimée,Diagnostic de titres de cours et associations artificielles.,enonce_long
v32a-pair-go-1re-02-04-3,supprimée,Diagnostic de titres de cours et associations artificielles.,enonce_long
v32a-pair-go-1re-02-04-4,supprimée,Diagnostic de titres de cours et associations artificielles.,enonce_long
v32a-triple-go-1re-02-04-1,supprimée,Attribution mécanique de trois titres.,enonce_long
v32a-triple-go-1re-02-04-2,supprimée,Attribution mécanique de trois titres.,enonce_long
v34-association-raisonnee-4079,supprimée,"Association de titres et définitions, indices lexicaux, distracteurs permutés.",
v34-association-raisonnee-4089,supprimée,"Association de titres et définitions, indices lexicaux, distracteurs permutés.",
v34-association-raisonnee-4105,supprimée,"Association de titres et définitions, indices lexicaux, distracteurs permutés.",
v34-association-raisonnee-4107,supprimée,"Association de titres et définitions, indices lexicaux, distracteurs permutés.",
v34-association-raisonnee-4109,supprimée,"Association de titres et définitions, indices lexicaux, distracteurs permutés.",
go-formula-0020,supprimée,"Formules répétées, bases parfois implicites et corrections récitées ; remplacement sélectif avec justification.",
go-formula-0021,supprimée,"Formules répétées, bases parfois implicites et corrections récitées ; remplacement sélectif avec justification.",
go-formula-0022,supprimée,"Formules répétées, bases parfois implicites et corrections récitées ; remplacement sélectif avec justification.",
v31-example-go-1re-2-2-1,supprimée,Mini-cas souvent suivi de titres de cours ou ordre arbitraire ; remplacé par une décision explicite.,
v31-pair-go-1re-2-2-1-2-2-2,supprimée,Définitions recopiées et propositions par permutation.,choix_long
v31-pair-go-1re-2-2-1-2-2-3,supprimée,Définitions recopiées et propositions par permutation.,choix_long
v31-pair-go-1re-2-2-2-2-2-3,supprimée,Définitions recopiées et propositions par permutation.,choix_long
v32a-pair-go-1re-02-05-1,supprimée,Diagnostic de titres de cours et associations artificielles.,enonce_long
v32a-pair-go-1re-02-05-2,supprimée,Diagnostic de titres de cours et associations artificielles.,enonce_long
v32a-pair-go-1re-02-05-3,supprimée,Diagnostic de titres de cours et associations artificielles.,
v32a-triple-go-1re-02-05-1,supprimée,Attribution mécanique de trois titres.,enonce_long
v34-association-raisonnee-4287,supprimée,"Association de titres et définitions, indices lexicaux, distracteurs permutés.",
v34-association-raisonnee-4290,supprimée,"Association de titres et définitions, indices lexicaux, distracteurs permutés.",
v34-association-raisonnee-4291,supprimée,"Association de titres et définitions, indices lexicaux, distracteurs permutés.",
v34-association-raisonnee-4301,supprimée,"Association de titres et définitions, indices lexicaux, distracteurs permutés.",
v34-association-raisonnee-4303,supprimée,"Association de titres et définitions, indices lexicaux, distracteurs permutés.",
v34-double-raisonnement-4337,supprimée,"Permutation de deux définitions, raisonnement professionnel non démontré.",enonce_long
v34-triple-raisonnement-4326,supprimée,"Permutation de trois définitions, lecture trop longue et niveau artificiel.",enonce_long
go-formula-0023,supprimée,"Formules répétées, bases parfois implicites et corrections récitées ; remplacement sélectif avec justification.",
go-formula-0024,supprimée,"Formules répétées, bases parfois implicites et corrections récitées ; remplacement sélectif avec justification.",
go-formula-0025,supprimée,"Formules répétées, bases parfois implicites et corrections récitées ; remplacement sélectif avec justification.",
go-formula-0026,supprimée,"Formules répétées, bases parfois implicites et corrections récitées ; remplacement sélectif avec justification.",
v31-casevigilance-go-1re-3-1-1,supprimée,Mini-cas souvent suivi de titres de cours ou ordre arbitraire ; remplacé par une décision explicite.,choix_long
v31-example-go-1re-3-1-1,supprimée,Mini-cas souvent suivi de titres de cours ou ordre arbitraire ; remplacé par une décision explicite.,
v34-association-raisonnee-4382,supprimée,"Association de titres et définitions, indices lexicaux, distracteurs permutés.",choix_long
v34-association-raisonnee-4383,supprimée,"Association de titres et définitions, indices lexicaux, distracteurs permutés.",choix_long
v34-association-raisonnee-4384,supprimée,"Association de titres et définitions, indices lexicaux, distracteurs permutés.",
v34-association-raisonnee-4388,supprimée,"Association de titres et définitions, indices lexicaux, distracteurs permutés.",
v34-double-raisonnement-4391,supprimée,"Permutation de deux définitions, raisonnement professionnel non démontré.",enonce_long
v34-triple-raisonnement-4405,supprimée,"Permutation de trois définitions, lecture trop longue et niveau artificiel.",enonce_long
v34-triple-raisonnement-4408,supprimée,"Permutation de trois définitions, lecture trop longue et niveau artificiel.",enonce_long
go-formula-0027,supprimée,"Formules répétées, bases parfois implicites et corrections récitées ; remplacement sélectif avec justification.",
go-formula-0028,supprimée,"Formules répétées, bases parfois implicites et corrections récitées ; remplacement sélectif avec justification.",
go-formula-0029,supprimée,"Formules répétées, bases parfois implicites et corrections récitées ; remplacement sélectif avec justification.",
go-formula-0030,supprimée,"Formules répétées, bases parfois implicites et corrections récitées ; remplacement sélectif avec justification.",
go-formula-0031,supprimée,"Formules répétées, bases parfois implicites et corrections récitées ; remplacement sélectif avec justification.",
go-formula-0033,supprimée,"Formules répétées, bases parfois implicites et corrections récitées ; remplacement sélectif avec justification.",
go-formula-0035,supprimée,"Formules répétées, bases parfois implicites et corrections récitées ; remplacement sélectif avec justification.",
go-formula-0036,supprimée,"Formules répétées, bases parfois implicites et corrections récitées ; remplacement sélectif avec justification.",
go-formula-0037,supprimée,"Formules répétées, bases parfois implicites et corrections récitées ; remplacement sélectif avec justification.",
go-formula-0038,supprimée,"Formules répétées, bases parfois implicites et corrections récitées ; remplacement sélectif avec justification.",
v31-example-go-1re-3-1-2,supprimée,Mini-cas souvent suivi de titres de cours ou ordre arbitraire ; remplacé par une décision explicite.,
v31-example-go-1re-3-1-3,supprimée,Mini-cas souvent suivi de titres de cours ou ordre arbitraire ; remplacé par une décision explicite.,
v31-example-go-1re-3-1-4,supprimée,Mini-cas souvent suivi de titres de cours ou ordre arbitraire ; remplacé par une décision explicite.,
v31-pair-go-1re-3-1-3-3-1-4,supprimée,Définitions recopiées et propositions par permutation.,choix_long
v32a-formpair-go-1re-03-07-1,supprimée,Paires de formules répétées ; reconstruction sélective.,
v32a-formpair-go-1re-03-07-2,supprimée,Paires de formules répétées ; reconstruction sélective.,
v32a-formpair-go-1re-03-07-3,supprimée,Paires de formules répétées ; reconstruction sélective.,
v32a-pair-go-1re-03-07-1,supprimée,Diagnostic de titres de cours et associations artificielles.,enonce_long
v34-association-raisonnee-4412,supprimée,"Association de titres et définitions, indices lexicaux, distracteurs permutés.",choix_long
v34-association-raisonnee-4417,supprimée,"Association de titres et définitions, indices lexicaux, distracteurs permutés.",choix_long
v34-association-raisonnee-4425,supprimée,"Association de titres et définitions, indices lexicaux, distracteurs permutés.",choix_long
v34-association-raisonnee-4427,supprimée,"Association de titres et définitions, indices lexicaux, distracteurs permutés.",choix_long
v34-association-raisonnee-4428,supprimée,"Association de titres et définitions, indices lexicaux, distracteurs permutés.",choix_long
v34-diagnostic-formule-4459,supprimée,"Objectif formulé comme un titre de cours, choix longs et répétitifs.",
v34-diagnostic-formule-4462,supprimée,"Objectif formulé comme un titre de cours, choix longs et répétitifs.",
v34-diagnostic-formule-4469,supprimée,"Objectif formulé comme un titre de cours, choix longs et répétitifs.",
v34-diagnostic-formule-4472,supprimée,"Objectif formulé comme un titre de cours, choix longs et répétitifs.",choix_long
v31-pair-go-1re-3-2-1-3-2-2,supprimée,Définitions recopiées et propositions par permutation.,choix_long
v31-paircase-go-1re-3-2-1-3-2-2,supprimée,Définitions recopiées et propositions par permutation.,choix_long
v32a-pair-go-1re-03-10-1,supprimée,Diagnostic de titres de cours et associations artificielles.,enonce_long
v34-association-raisonnee-4473,supprimée,"Association de titres et définitions, indices lexicaux, distracteurs permutés.",choix_long
v34-association-raisonnee-4475,supprimée,"Association de titres et définitions, indices lexicaux, distracteurs permutés.",choix_long
v34-association-raisonnee-4484,supprimée,"Association de titres et définitions, indices lexicaux, distracteurs permutés.",choix_long
v34-association-raisonnee-4486,supprimée,"Association de titres et définitions, indices lexicaux, distracteurs permutés.",
v34-association-raisonnee-4487,supprimée,"Association de titres et définitions, indices lexicaux, distracteurs permutés.",
v34-diagnostic-formule-4513,supprimée,"Objectif formulé comme un titre de cours, choix longs et répétitifs.",
v34-diagnostic-formule-4522,supprimée,"Objectif formulé comme un titre de cours, choix longs et répétitifs.",
v34-diagnostic-formule-4523,supprimée,"Objectif formulé comme un titre de cours, choix longs et répétitifs.",
v34-diagnostic-formule-4529,supprimée,"Objectif formulé comme un titre de cours, choix longs et répétitifs.",
v34-diagnostic-formule-4530,supprimée,"Objectif formulé comme un titre de cours, choix longs et répétitifs.",
v34-diagnostic-formule-4533,supprimée,"Objectif formulé comme un titre de cours, choix longs et répétitifs.",
v34-distinction-raisonnee-4492,supprimée,Juxtaposition de définitions ; reconstruction nécessaire.,choix_long
v34-double-raisonnement-4491,supprimée,"Permutation de deux définitions, raisonnement professionnel non démontré.",enonce_long
v34-double-raisonnement-4497,supprimée,"Permutation de deux définitions, raisonnement professionnel non démontré.",enonce_long
v34-triple-raisonnement-4509,supprimée,"Permutation de trois définitions, lecture trop longue et niveau artificiel.",enonce_long
go-formula-0039,supprimée,"Formules répétées, bases parfois implicites et corrections récitées ; remplacement sélectif avec justification.",
go-formula-0040,supprimée,"Formules répétées, bases parfois implicites et corrections récitées ; remplacement sélectif avec justification.",
go-formula-0041,supprimée,"Formules répétées, bases parfois implicites et corrections récitées ; remplacement sélectif avec justification.",
go-formula-0042,supprimée,"Formules répétées, bases parfois implicites et corrections récitées ; remplacement sélectif avec justification.",
go-formula-0043,supprimée,"Formules répétées, bases parfois implicites et corrections récitées ; remplacement sélectif avec justification.",
go-formula-0044,supprimée,"Formules répétées, bases parfois implicites et corrections récitées ; remplacement sélectif avec justification.",
v31-casevigilance-go-1re-3-3-2,supprimée,Mini-cas souvent suivi de titres de cours ou ordre arbitraire ; remplacé par une décision explicite.,choix_long
v31-cross-go-1re-3-3-2-3-1-3,supprimée,Définitions recopiées et propositions par permutation.,choix_long
v32a-formpair-go-1re-03-11-1,supprimée,Paires de formules répétées ; reconstruction sélective.,
v32a-formpair-go-1re-03-11-2,supprimée,Paires de formules répétées ; reconstruction sélective.,
v32a-formpair-go-1re-03-11-3,supprimée,Paires de formules répétées ; reconstruction sélective.,
v32a-pair-go-1re-03-11-1,supprimée,Diagnostic de titres de cours et associations artificielles.,
v34-association-raisonnee-4538,supprimée,"Association de titres et définitions, indices lexicaux, distracteurs permutés.",
v34-association-raisonnee-4544,supprimée,"Association de titres et définitions, indices lexicaux, distracteurs permutés.",
v34-association-raisonnee-4546,supprimée,"Association de titres et définitions, indices lexicaux, distracteurs permutés.",
v34-association-raisonnee-4548,supprimée,"Association de titres et définitions, indices lexicaux, distracteurs permutés.",choix_long
v34-association-raisonnee-4552,supprimée,"Association de titres et définitions, indices lexicaux, distracteurs permutés.",
v34-triple-raisonnement-4567,supprimée,"Permutation de trois définitions, lecture trop longue et niveau artificiel.",enonce_long
v34-triple-raisonnement-4569,supprimée,"Permutation de trois définitions, lecture trop longue et niveau artificiel.",enonce_long
v34-triple-raisonnement-4587,supprimée,"Permutation de trois définitions, lecture trop longue et niveau artificiel.",enonce_long
go-formula-0045,supprimée,"Formules répétées, bases parfois implicites et corrections récitées ; remplacement sélectif avec justification.",
go-formula-0046,supprimée,"Formules répétées, bases parfois implicites et corrections récitées ; remplacement sélectif avec justification.",
go-formula-0047,supprimée,"Formules répétées, bases parfois implicites et corrections récitées ; remplacement sélectif avec justification.",
go-formula-0048,supprimée,"Formules répétées, bases parfois implicites et corrections récitées ; remplacement sélectif avec justification.",
v31-pair-go-1re-3-4-1-3-4-3,supprimée,Définitions recopiées et propositions par permutation.,choix_long
v32a-pair-go-1re-03-12-1,supprimée,Diagnostic de titres de cours et associations artificielles.,enonce_long
v34-association-raisonnee-4609,supprimée,"Association de titres et définitions, indices lexicaux, distracteurs permutés.",choix_long
v34-association-raisonnee-4611,supprimée,"Association de titres et définitions, indices lexicaux, distracteurs permutés.",choix_long
v34-association-raisonnee-4614,supprimée,"Association de titres et définitions, indices lexicaux, distracteurs permutés.",choix_long
v34-association-raisonnee-4618,supprimée,"Association de titres et définitions, indices lexicaux, distracteurs permutés.",choix_long
v34-association-raisonnee-4628,supprimée,"Association de titres et définitions, indices lexicaux, distracteurs permutés.",choix_long
v34-distinction-raisonnee-4655,supprimée,Juxtaposition de définitions ; reconstruction nécessaire.,choix_long
v34-double-raisonnement-4637,supprimée,"Permutation de deux définitions, raisonnement professionnel non démontré.",enonce_long
v34-double-raisonnement-4672,supprimée,"Permutation de deux définitions, raisonnement professionnel non démontré.",enonce_long
v34-triple-raisonnement-4661,supprimée,"Permutation de trois définitions, lecture trop longue et niveau artificiel.",enonce_long
v34-triple-raisonnement-4662,supprimée,"Permutation de trois définitions, lecture trop longue et niveau artificiel.",enonce_long
v34-triple-raisonnement-4663,supprimée,"Permutation de trois définitions, lecture trop longue et niveau artificiel.",enonce_long
v34-triple-raisonnement-4681,supprimée,"Permutation de trois définitions, lecture trop longue et niveau artificiel.",enonce_long
go-formula-0049,supprimée,"Formules répétées, bases parfois implicites et corrections récitées ; remplacement sélectif avec justification.",
go-formula-0050,supprimée,"Formules répétées, bases parfois implicites et corrections récitées ; remplacement sélectif avec justification.",
go-formula-0051,supprimée,"Formules répétées, bases parfois implicites et corrections récitées ; remplacement sélectif avec justification.",
go-formula-0052,supprimée,"Formules répétées, bases parfois implicites et corrections récitées ; remplacement sélectif avec justification.",
go-formula-0053,supprimée,"Formules répétées, bases parfois implicites et corrections récitées ; remplacement sélectif avec justification.",
go-formula-0054,supprimée,"Formules répétées, bases parfois implicites et corrections récitées ; remplacement sélectif avec justification.",
v31-example-go-1re-3-5-5,supprimée,Mini-cas souvent suivi de titres de cours ou ordre arbitraire ; remplacé par une décision explicite.,
v31-method-go-1re-3-5-6,supprimée,Ordre des premières opérations souvent non unique ; propositions mécaniquement inversées.,choix_long
v31-pair-go-1re-3-5-1-3-5-3,supprimée,Définitions recopiées et propositions par permutation.,choix_long
v31-pair-go-1re-3-5-1-3-5-5,supprimée,Définitions recopiées et propositions par permutation.,choix_long
v31-pair-go-1re-3-5-1-3-5-6,supprimée,Définitions recopiées et propositions par permutation.,choix_long
v31-pair-go-1re-3-5-3-3-5-5,supprimée,Définitions recopiées et propositions par permutation.,choix_long
v31-pair-go-1re-3-5-3-3-5-6,supprimée,Définitions recopiées et propositions par permutation.,choix_long
v31-pair-go-1re-3-5-5-3-5-6,supprimée,Définitions recopiées et propositions par permutation.,choix_long
v32a-formpair-go-1re-03-13-1,supprimée,Paires de formules répétées ; reconstruction sélective.,
v32a-formpair-go-1re-03-13-2,supprimée,Paires de formules répétées ; reconstruction sélective.,
v32a-formpair-go-1re-03-13-3,supprimée,Paires de formules répétées ; reconstruction sélective.,
v32a-pair-go-1re-03-13-1,supprimée,Diagnostic de titres de cours et associations artificielles.,
v32a-pair-go-1re-03-13-2,supprimée,Diagnostic de titres de cours et associations artificielles.,enonce_long
v32a-pair-go-1re-03-13-3,supprimée,Diagnostic de titres de cours et associations artificielles.,enonce_long
v32a-pair-go-1re-03-13-4,supprimée,Diagnostic de titres de cours et associations artificielles.,enonce_long
v32a-triple-go-1re-03-13-1,supprimée,Attribution mécanique de trois titres.,enonce_long
v32a-triple-go-1re-03-13-2,supprimée,Attribution mécanique de trois titres.,enonce_long
v34-association-raisonnee-4684,supprimée,"Association de titres et définitions, indices lexicaux, distracteurs permutés.",choix_long
v34-association-raisonnee-4689,supprimée,"Association de titres et définitions, indices lexicaux, distracteurs permutés.",choix_long
v34-association-raisonnee-4702,supprimée,"Association de titres et définitions, indices lexicaux, distracteurs permutés.",
v34-association-raisonnee-4704,supprimée,"Association de titres et définitions, indices lexicaux, distracteurs permutés.",choix_long
v34-association-raisonnee-4727,supprimée,"Association de titres et définitions, indices lexicaux, distracteurs permutés.",
v34-association-raisonnee-4860,supprimée,"Association de titres et définitions, indices lexicaux, distracteurs permutés.",
v34-association-raisonnee-4862,supprimée,"Association de titres et définitions, indices lexicaux, distracteurs permutés.",
v34-association-raisonnee-4865,supprimée,"Association de titres et définitions, indices lexicaux, distracteurs permutés.",choix_long
v34-association-raisonnee-4867,supprimée,"Association de titres et définitions, indices lexicaux, distracteurs permutés.",
v34-distinction-raisonnee-4869,supprimée,Juxtaposition de définitions ; reconstruction nécessaire.,choix_long
v34-double-raisonnement-4872,supprimée,"Permutation de deux définitions, raisonnement professionnel non démontré.",enonce_long
v34-double-raisonnement-4876,supprimée,"Permutation de deux définitions, raisonnement professionnel non démontré.",enonce_long
v34-double-raisonnement-4878,supprimée,"Permutation de deux définitions, raisonnement professionnel non démontré.",enonce_long
v34-double-raisonnement-4880,supprimée,"Permutation de deux définitions, raisonnement professionnel non démontré.",enonce_long
v34-double-raisonnement-4882,supprimée,"Permutation de deux définitions, raisonnement professionnel non démontré.",enonce_long
v34-triple-raisonnement-4885,supprimée,"Permutation de trois définitions, lecture trop longue et niveau artificiel.",enonce_long
v34-triple-raisonnement-4886,supprimée,"Permutation de trois définitions, lecture trop longue et niveau artificiel.",enonce_long
v34-triple-raisonnement-4889,supprimée,"Permutation de trois définitions, lecture trop longue et niveau artificiel.",enonce_long
go-formula-0055,supprimée,"Formules répétées, bases parfois implicites et corrections récitées ; remplacement sélectif avec justification.",
go-formula-0056,supprimée,"Formules répétées, bases parfois implicites et corrections récitées ; remplacement sélectif avec justification.",
v31-pair-go-1re-4-1-2-4-1-3,supprimée,Définitions recopiées et propositions par permutation.,choix_long
v32a-cumulative-go-1re-04-15,supprimée,Attribution de titres à des extraits ; faible transfert.,enonce_long
v34-association-raisonnee-4893,supprimée,"Association de titres et définitions, indices lexicaux, distracteurs permutés.",
v34-association-raisonnee-4894,supprimée,"Association de titres et définitions, indices lexicaux, distracteurs permutés.",
v34-association-raisonnee-4899,supprimée,"Association de titres et définitions, indices lexicaux, distracteurs permutés.",
v34-association-raisonnee-4903,supprimée,"Association de titres et définitions, indices lexicaux, distracteurs permutés.",
v34-association-raisonnee-4904,supprimée,"Association de titres et définitions, indices lexicaux, distracteurs permutés.",
v34-distinction-raisonnee-4918,supprimée,Juxtaposition de définitions ; reconstruction nécessaire.,choix_long
v34-distinction-raisonnee-4929,supprimée,Juxtaposition de définitions ; reconstruction nécessaire.,choix_long
v34-double-raisonnement-4915,supprimée,"Permutation de deux définitions, raisonnement professionnel non démontré.",
v34-double-raisonnement-4924,supprimée,"Permutation de deux définitions, raisonnement professionnel non démontré.",
v34-double-raisonnement-4928,supprimée,"Permutation de deux définitions, raisonnement professionnel non démontré.",
v34-triple-raisonnement-4922,supprimée,"Permutation de trois définitions, lecture trop longue et niveau artificiel.",enonce_long
v34-triple-raisonnement-4931,supprimée,"Permutation de trois définitions, lecture trop longue et niveau artificiel.",enonce_long
v34-triple-raisonnement-4939,supprimée,"Permutation de trois définitions, lecture trop longue et niveau artificiel.",enonce_long
v34-triple-raisonnement-4940,supprimée,"Permutation de trois définitions, lecture trop longue et niveau artificiel.",enonce_long
v31-cross-go-1re-4-2-2-4-1-3,supprimée,Définitions recopiées et propositions par permutation.,choix_long
v31-example-go-1re-4-2-3,supprimée,Mini-cas souvent suivi de titres de cours ou ordre arbitraire ; remplacé par une décision explicite.,
v32a-pair-go-1re-04-16-1,supprimée,Diagnostic de titres de cours et associations artificielles.,enonce_long
v32a-pair-go-1re-04-16-2,supprimée,Diagnostic de titres de cours et associations artificielles.,enonce_long
v32a-pair-go-1re-04-16-3,supprimée,Diagnostic de titres de cours et associations artificielles.,enonce_long
v34-association-raisonnee-4946,supprimée,"Association de titres et définitions, indices lexicaux, distracteurs permutés.",
v34-association-raisonnee-4951,supprimée,"Association de titres et définitions, indices lexicaux, distracteurs permutés.",
v34-association-raisonnee-4952,supprimée,"Association de titres et définitions, indices lexicaux, distracteurs permutés.",
v34-association-raisonnee-4956,supprimée,"Association de titres et définitions, indices lexicaux, distracteurs permutés.",choix_long
v34-association-raisonnee-4964,supprimée,"Association de titres et définitions, indices lexicaux, distracteurs permutés.",choix_long
v34-distinction-raisonnee-4999,supprimée,Juxtaposition de définitions ; reconstruction nécessaire.,choix_long
v34-double-raisonnement-4968,supprimée,"Permutation de deux définitions, raisonnement professionnel non démontré.",enonce_long
v34-double-raisonnement-4988,supprimée,"Permutation de deux définitions, raisonnement professionnel non démontré.",
v34-double-raisonnement-5002,supprimée,"Permutation de deux définitions, raisonnement professionnel non démontré.",enonce_long
v34-triple-raisonnement-4977,supprimée,"Permutation de trois définitions, lecture trop longue et niveau artificiel.",enonce_long
v34-triple-raisonnement-4978,supprimée,"Permutation de trois définitions, lecture trop longue et niveau artificiel.",enonce_long
v34-triple-raisonnement-4995,supprimée,"Permutation de trois définitions, lecture trop longue et niveau artificiel.",enonce_long
v34-triple-raisonnement-4996,supprimée,"Permutation de trois définitions, lecture trop longue et niveau artificiel.",enonce_long
go-formula-0057,supprimée,"Formules répétées, bases parfois implicites et corrections récitées ; remplacement sélectif avec justification.",
go-formula-0058,supprimée,"Formules répétées, bases parfois implicites et corrections récitées ; remplacement sélectif avec justification.",
go-formula-0059,supprimée,"Formules répétées, bases parfois implicites et corrections récitées ; remplacement sélectif avec justification.",
go-formula-0060,supprimée,"Formules répétées, bases parfois implicites et corrections récitées ; remplacement sélectif avec justification.",
go-formula-0061,supprimée,"Formules répétées, bases parfois implicites et corrections récitées ; remplacement sélectif avec justification.",
go-formula-0062,supprimée,"Formules répétées, bases parfois implicites et corrections récitées ; remplacement sélectif avec justification.",
v31-example-go-1re-4-3-1,supprimée,Mini-cas souvent suivi de titres de cours ou ordre arbitraire ; remplacé par une décision explicite.,
v31-pair-go-1re-4-3-1-4-3-2,supprimée,Définitions recopiées et propositions par permutation.,choix_long
v32a-formpair-go-1re-04-18-1,supprimée,Paires de formules répétées ; reconstruction sélective.,
v32a-formpair-go-1re-04-18-2,supprimée,Paires de formules répétées ; reconstruction sélective.,
v32a-formpair-go-1re-04-18-3,supprimée,Paires de formules répétées ; reconstruction sélective.,
v32a-pair-go-1re-04-18-1,supprimée,Diagnostic de titres de cours et associations artificielles.,enonce_long
v34-association-raisonnee-5013,supprimée,"Association de titres et définitions, indices lexicaux, distracteurs permutés.",
v34-association-raisonnee-5017,supprimée,"Association de titres et définitions, indices lexicaux, distracteurs permutés.",choix_long
v34-association-raisonnee-5021,supprimée,"Association de titres et définitions, indices lexicaux, distracteurs permutés.",choix_long
v34-association-raisonnee-5023,supprimée,"Association de titres et définitions, indices lexicaux, distracteurs permutés.",choix_long
v34-association-raisonnee-5027,supprimée,"Association de titres et définitions, indices lexicaux, distracteurs permutés.",
v34-diagnostic-formule-5087,supprimée,"Objectif formulé comme un titre de cours, choix longs et répétitifs.",choix_long
v34-diagnostic-formule-5100,supprimée,"Objectif formulé comme un titre de cours, choix longs et répétitifs.",choix_long
v34-triple-raisonnement-5049,supprimée,"Permutation de trois définitions, lecture trop longue et niveau artificiel.",enonce_long
v34-triple-raisonnement-5078,supprimée,"Permutation de trois définitions, lecture trop longue et niveau artificiel.",enonce_long
go-formula-0065,supprimée,"Formules répétées, bases parfois implicites et corrections récitées ; remplacement sélectif avec justification.",
go-formula-0066,supprimée,"Formules répétées, bases parfois implicites et corrections récitées ; remplacement sélectif avec justification.",
v31-cross-go-1re-4-4-1-4-6-5,supprimée,Définitions recopiées et propositions par permutation.,choix_long
v32a-pair-go-1re-04-19-1,supprimée,Diagnostic de titres de cours et associations artificielles.,enonce_long
v34-association-raisonnee-5107,supprimée,"Association de titres et définitions, indices lexicaux, distracteurs permutés.",
v34-association-raisonnee-5113,supprimée,"Association de titres et définitions, indices lexicaux, distracteurs permutés.",choix_long
v34-association-raisonnee-5114,supprimée,"Association de titres et définitions, indices lexicaux, distracteurs permutés.",
v34-association-raisonnee-5117,supprimée,"Association de titres et définitions, indices lexicaux, distracteurs permutés.",choix_long
v34-association-raisonnee-5121,supprimée,"Association de titres et définitions, indices lexicaux, distracteurs permutés.",choix_long
v34-distinction-raisonnee-5127,supprimée,Juxtaposition de définitions ; reconstruction nécessaire.,choix_long
v34-double-raisonnement-5133,supprimée,"Permutation de deux définitions, raisonnement professionnel non démontré.",enonce_long
v34-double-raisonnement-5140,supprimée,"Permutation de deux définitions, raisonnement professionnel non démontré.",enonce_long
v34-double-raisonnement-5153,supprimée,"Permutation de deux définitions, raisonnement professionnel non démontré.",enonce_long
v34-double-raisonnement-5154,supprimée,"Permutation de deux définitions, raisonnement professionnel non démontré.",enonce_long
v34-triple-raisonnement-5137,supprimée,"Permutation de trois définitions, lecture trop longue et niveau artificiel.",enonce_long
v34-triple-raisonnement-5138,supprimée,"Permutation de trois définitions, lecture trop longue et niveau artificiel.",enonce_long
v34-triple-raisonnement-5139,supprimée,"Permutation de trois définitions, lecture trop longue et niveau artificiel.",enonce_long
v34-triple-raisonnement-9123,supprimée,"Permutation de trois définitions, lecture trop longue et niveau artificiel.",enonce_long
go-formula-0067,supprimée,"Formules répétées, bases parfois implicites et corrections récitées ; remplacement sélectif avec justification.",
go-formula-0068,supprimée,"Formules répétées, bases parfois implicites et corrections récitées ; remplacement sélectif avec justification.",
go-formula-0069,supprimée,"Formules répétées, bases parfois implicites et corrections récitées ; remplacement sélectif avec justification.",
go-formula-0070,supprimée,"Formules répétées, bases parfois implicites et corrections récitées ; remplacement sélectif avec justification.",
go-formula-0071,supprimée,"Formules répétées, bases parfois implicites et corrections récitées ; remplacement sélectif avec justification.",
go-formula-0072,supprimée,"Formules répétées, bases parfois implicites et corrections récitées ; remplacement sélectif avec justification.",
go-formula-0073,supprimée,"Formules répétées, bases parfois implicites et corrections récitées ; remplacement sélectif avec justification.",
go-formula-0074,supprimée,"Formules répétées, bases parfois implicites et corrections récitées ; remplacement sélectif avec justification.",
v31-example-go-1re-4-5-2,supprimée,Mini-cas souvent suivi de titres de cours ou ordre arbitraire ; remplacé par une décision explicite.,
v31-pair-go-1re-4-6-1-4-6-2,supprimée,Définitions recopiées et propositions par permutation.,choix_long
v31-pair-go-1re-4-6-1-4-6-3,supprimée,Définitions recopiées et propositions par permutation.,choix_long
v31-pair-go-1re-4-6-1-4-6-5,supprimée,Définitions recopiées et propositions par permutation.,choix_long
v31-pair-go-1re-4-6-2-4-6-3,supprimée,Définitions recopiées et propositions par permutation.,choix_long
v31-pair-go-1re-4-6-2-4-6-5,supprimée,Définitions recopiées et propositions par permutation.,choix_long
v31-pair-go-1re-4-6-3-4-6-5,supprimée,Définitions recopiées et propositions par permutation.,choix_long
v32a-formpair-go-1re-04-20-1,supprimée,Paires de formules répétées ; reconstruction sélective.,
v32a-formpair-go-1re-04-20-2,supprimée,Paires de formules répétées ; reconstruction sélective.,
v32a-formpair-go-1re-04-20-3,supprimée,Paires de formules répétées ; reconstruction sélective.,
v32a-pair-go-1re-04-20-1,supprimée,Diagnostic de titres de cours et associations artificielles.,enonce_long
v32a-pair-go-1re-04-20-2,supprimée,Diagnostic de titres de cours et associations artificielles.,enonce_long
v32a-pair-go-1re-04-20-3,supprimée,Diagnostic de titres de cours et associations artificielles.,enonce_long
v32a-pair-go-1re-04-20-4,supprimée,Diagnostic de titres de cours et associations artificielles.,enonce_long
v32a-triple-go-1re-04-20-1,supprimée,Attribution mécanique de trois titres.,enonce_long
v32a-triple-go-1re-04-20-2,supprimée,Attribution mécanique de trois titres.,enonce_long
v34-association-raisonnee-5155,supprimée,"Association de titres et définitions, indices lexicaux, distracteurs permutés.",
v34-association-raisonnee-5171,supprimée,"Association de titres et définitions, indices lexicaux, distracteurs permutés.",
v34-association-raisonnee-5184,supprimée,"Association de titres et définitions, indices lexicaux, distracteurs permutés.",
v34-association-raisonnee-5196,supprimée,"Association de titres et définitions, indices lexicaux, distracteurs permutés.",
v34-association-raisonnee-5201,supprimée,"Association de titres et définitions, indices lexicaux, distracteurs permutés.",
go-formula-0075,supprimée,"Formules répétées, bases parfois implicites et corrections récitées ; remplacement sélectif avec justification.",
go-formula-0076,supprimée,"Formules répétées, bases parfois implicites et corrections récitées ; remplacement sélectif avec justification.",
v31-cross-go-1re-4-6-6-4-1-2,supprimée,Définitions recopiées et propositions par permutation.,choix_long
v32a-cumulative-go-1re-04-22,supprimée,Attribution de titres à des extraits ; faible transfert.,enonce_long
v34-association-raisonnee-5411,supprimée,"Association de titres et définitions, indices lexicaux, distracteurs permutés.",
v34-association-raisonnee-5412,supprimée,"Association de titres et définitions, indices lexicaux, distracteurs permutés.",
v34-association-raisonnee-5413,supprimée,"Association de titres et définitions, indices lexicaux, distracteurs permutés.",
v34-association-raisonnee-5415,supprimée,"Association de titres et définitions, indices lexicaux, distracteurs permutés.",choix_long
v34-distinction-raisonnee-5422,supprimée,Juxtaposition de définitions ; reconstruction nécessaire.,choix_long
v34-distinction-raisonnee-5428,supprimée,Juxtaposition de définitions ; reconstruction nécessaire.,choix_long
v34-double-raisonnement-5430,supprimée,"Permutation de deux définitions, raisonnement professionnel non démontré.",enonce_long
v34-triple-raisonnement-5435,supprimée,"Permutation de trois définitions, lecture trop longue et niveau artificiel.",enonce_long
v34-triple-raisonnement-5436,supprimée,"Permutation de trois définitions, lecture trop longue et niveau artificiel.",enonce_long
v31-cross-go-1re-5-1-1-5-2-2,supprimée,Définitions recopiées et propositions par permutation.,choix_long
v31-example-go-1re-5-1-2,supprimée,Mini-cas souvent suivi de titres de cours ou ordre arbitraire ; remplacé par une décision explicite.,
v32a-pair-go-1re-05-23-1,supprimée,Diagnostic de titres de cours et associations artificielles.,enonce_long
v32a-pair-go-1re-05-23-2,supprimée,Diagnostic de titres de cours et associations artificielles.,enonce_long
v32a-pair-go-1re-05-23-3,supprimée,Diagnostic de titres de cours et associations artificielles.,
v32a-triple-go-1re-05-23-1,supprimée,Attribution mécanique de trois titres.,enonce_long
v34-association-raisonnee-5443,supprimée,"Association de titres et définitions, indices lexicaux, distracteurs permutés.",
v34-association-raisonnee-5454,supprimée,"Association de titres et définitions, indices lexicaux, distracteurs permutés.",choix_long
v34-association-raisonnee-5455,supprimée,"Association de titres et définitions, indices lexicaux, distracteurs permutés.",
v34-association-raisonnee-5458,supprimée,"Association de titres et définitions, indices lexicaux, distracteurs permutés.",
v34-association-raisonnee-5466,supprimée,"Association de titres et définitions, indices lexicaux, distracteurs permutés.",
v34-distinction-raisonnee-5476,supprimée,Juxtaposition de définitions ; reconstruction nécessaire.,choix_long
v34-distinction-raisonnee-5488,supprimée,Juxtaposition de définitions ; reconstruction nécessaire.,choix_long
v34-double-raisonnement-5503,supprimée,"Permutation de deux définitions, raisonnement professionnel non démontré.",
v34-double-raisonnement-5507,supprimée,"Permutation de deux définitions, raisonnement professionnel non démontré.",enonce_long
v34-triple-raisonnement-5483,supprimée,"Permutation de trois définitions, lecture trop longue et niveau artificiel.",enonce_long
v34-triple-raisonnement-5501,supprimée,"Permutation de trois définitions, lecture trop longue et niveau artificiel.",enonce_long
v34-triple-raisonnement-5502,supprimée,"Permutation de trois définitions, lecture trop longue et niveau artificiel.",enonce_long
go-formula-0077,supprimée,"Formules répétées, bases parfois implicites et corrections récitées ; remplacement sélectif avec justification.",
go-formula-0078,supprimée,"Formules répétées, bases parfois implicites et corrections récitées ; remplacement sélectif avec justification.",
go-formula-0079,supprimée,"Formules répétées, bases parfois implicites et corrections récitées ; remplacement sélectif avec justification.",
go-formula-0080,supprimée,"Formules répétées, bases parfois implicites et corrections récitées ; remplacement sélectif avec justification.",
v31-example-go-1re-5-2-4,supprimée,Mini-cas souvent suivi de titres de cours ou ordre arbitraire ; remplacé par une décision explicite.,
v31-pair-go-1re-5-2-2-5-2-3,supprimée,Définitions recopiées et propositions par permutation.,choix_long
v32a-pair-go-1re-05-24-1,supprimée,Diagnostic de titres de cours et associations artificielles.,enonce_long
v32a-pair-go-1re-05-24-2,supprimée,Diagnostic de titres de cours et associations artificielles.,enonce_long
v32a-pair-go-1re-05-24-3,supprimée,Diagnostic de titres de cours et associations artificielles.,enonce_long
v34-association-raisonnee-5529,supprimée,"Association de titres et définitions, indices lexicaux, distracteurs permutés.",choix_long
v34-association-raisonnee-5530,supprimée,"Association de titres et définitions, indices lexicaux, distracteurs permutés.",choix_long
v34-association-raisonnee-5534,supprimée,"Association de titres et définitions, indices lexicaux, distracteurs permutés.",choix_long
v34-association-raisonnee-5546,supprimée,"Association de titres et définitions, indices lexicaux, distracteurs permutés.",choix_long
v34-association-raisonnee-5551,supprimée,"Association de titres et définitions, indices lexicaux, distracteurs permutés.",choix_long
v34-diagnostic-formule-5598,supprimée,"Objectif formulé comme un titre de cours, choix longs et répétitifs.",choix_long
v34-triple-raisonnement-9124,supprimée,"Permutation de trois définitions, lecture trop longue et niveau artificiel.",enonce_long
v34-triple-raisonnement-9125,supprimée,"Permutation de trois définitions, lecture trop longue et niveau artificiel.",enonce_long
v34-triple-raisonnement-9126,supprimée,"Permutation de trois définitions, lecture trop longue et niveau artificiel.",enonce_long
go-formula-0081,supprimée,"Formules répétées, bases parfois implicites et corrections récitées ; remplacement sélectif avec justification.",
go-formula-0082,supprimée,"Formules répétées, bases parfois implicites et corrections récitées ; remplacement sélectif avec justification.",
v31-example-go-1re-5-2-5,supprimée,Mini-cas souvent suivi de titres de cours ou ordre arbitraire ; remplacé par une décision explicite.,
v34-association-raisonnee-5600,supprimée,"Association de titres et définitions, indices lexicaux, distracteurs permutés.",choix_long
v34-association-raisonnee-5602,supprimée,"Association de titres et définitions, indices lexicaux, distracteurs permutés.",choix_long
v34-association-raisonnee-5603,supprimée,"Association de titres et définitions, indices lexicaux, distracteurs permutés.",choix_long
v34-association-raisonnee-5604,supprimée,"Association de titres et définitions, indices lexicaux, distracteurs permutés.",
v34-double-raisonnement-5611,supprimée,"Permutation de deux définitions, raisonnement professionnel non démontré.",enonce_long
v34-double-raisonnement-5613,supprimée,"Permutation de deux définitions, raisonnement professionnel non démontré.",enonce_long
v34-double-raisonnement-5618,supprimée,"Permutation de deux définitions, raisonnement professionnel non démontré.",enonce_long
v34-triple-raisonnement-5619,supprimée,"Permutation de trois définitions, lecture trop longue et niveau artificiel.",enonce_long
v34-triple-raisonnement-5621,supprimée,"Permutation de trois définitions, lecture trop longue et niveau artificiel.",enonce_long
v34-triple-raisonnement-5622,supprimée,"Permutation de trois définitions, lecture trop longue et niveau artificiel.",enonce_long
go-formula-0083,supprimée,"Formules répétées, bases parfois implicites et corrections récitées ; remplacement sélectif avec justification.",
go-formula-0084,supprimée,"Formules répétées, bases parfois implicites et corrections récitées ; remplacement sélectif avec justification.",
go-formula-0085,supprimée,"Formules répétées, bases parfois implicites et corrections récitées ; remplacement sélectif avec justification.",
go-formula-0086,supprimée,"Formules répétées, bases parfois implicites et corrections récitées ; remplacement sélectif avec justification.",
go-formula-0087,supprimée,"Formules répétées, bases parfois implicites et corrections récitées ; remplacement sélectif avec justification.",
go-formula-0088,supprimée,"Formules répétées, bases parfois implicites et corrections récitées ; remplacement sélectif avec justification.",
v32a-formpair-go-1re-05-27-1,supprimée,Paires de formules répétées ; reconstruction sélective.,
v32a-formpair-go-1re-05-27-2,supprimée,Paires de formules répétées ; reconstruction sélective.,
v32a-formpair-go-1re-05-27-3,supprimée,Paires de formules répétées ; reconstruction sélective.,
v34-association-raisonnee-5624,supprimée,"Association de titres et définitions, indices lexicaux, distracteurs permutés.",choix_long
v34-association-raisonnee-5626,supprimée,"Association de titres et définitions, indices lexicaux, distracteurs permutés.",choix_long
v34-association-raisonnee-5627,supprimée,"Association de titres et définitions, indices lexicaux, distracteurs permutés.",choix_long
v34-association-raisonnee-5628,supprimée,"Association de titres et définitions, indices lexicaux, distracteurs permutés.",choix_long
go-formula-0089,supprimée,"Formules répétées, bases parfois implicites et corrections récitées ; remplacement sélectif avec justification.",
go-formula-0090,supprimée,"Formules répétées, bases parfois implicites et corrections récitées ; remplacement sélectif avec justification.",
v31-cross-go-1re-5-3-2-5-1-1,supprimée,Définitions recopiées et propositions par permutation.,choix_long
v32a-cumulative-go-1re-05-28,supprimée,Attribution de titres à des extraits ; faible transfert.,enonce_long
v34-association-raisonnee-5645,supprimée,"Association de titres et définitions, indices lexicaux, distracteurs permutés.",
v34-association-raisonnee-5646,supprimée,"Association de titres et définitions, indices lexicaux, distracteurs permutés.",choix_long
v34-association-raisonnee-5648,supprimée,"Association de titres et définitions, indices lexicaux, distracteurs permutés.",choix_long
v34-association-raisonnee-5649,supprimée,"Association de titres et définitions, indices lexicaux, distracteurs permutés.",
v34-distinction-raisonnee-5655,supprimée,Juxtaposition de définitions ; reconstruction nécessaire.,choix_long
v34-distinction-raisonnee-5657,supprimée,Juxtaposition de définitions ; reconstruction nécessaire.,choix_long
v34-double-raisonnement-5654,supprimée,"Permutation de deux définitions, raisonnement professionnel non démontré.",enonce_long
v34-triple-raisonnement-5668,supprimée,"Permutation de trois définitions, lecture trop longue et niveau artificiel.",enonce_long
v34-triple-raisonnement-5669,supprimée,"Permutation de trois définitions, lecture trop longue et niveau artificiel.",enonce_long
go-formula-0091,supprimée,"Formules répétées, bases parfois implicites et corrections récitées ; remplacement sélectif avec justification.",
go-formula-0092,supprimée,"Formules répétées, bases parfois implicites et corrections récitées ; remplacement sélectif avec justification.",
go-formula-0093,supprimée,"Formules répétées, bases parfois implicites et corrections récitées ; remplacement sélectif avec justification.",
go-formula-0094,supprimée,"Formules répétées, bases parfois implicites et corrections récitées ; remplacement sélectif avec justification.",
go-formula-0095,supprimée,"Formules répétées, bases parfois implicites et corrections récitées ; remplacement sélectif avec justification.",
go-formula-0096,supprimée,"Formules répétées, bases parfois implicites et corrections récitées ; remplacement sélectif avec justification.",
v31-pair-go-1re-5-3-3-1-5-3-3-2,supprimée,Définitions recopiées et propositions par permutation.,choix_long
v31-paircase-go-1re-5-3-3-1-5-3-3-2,supprimée,Définitions recopiées et propositions par permutation.,
v32a-formpair-go-1re-05-29-1,supprimée,Paires de formules répétées ; reconstruction sélective.,
v32a-formpair-go-1re-05-29-2,supprimée,Paires de formules répétées ; reconstruction sélective.,
v32a-formpair-go-1re-05-29-3,supprimée,Paires de formules répétées ; reconstruction sélective.,
v32a-pair-go-1re-05-29-1,supprimée,Diagnostic de titres de cours et associations artificielles.,enonce_long
v34-association-raisonnee-5673,supprimée,"Association de titres et définitions, indices lexicaux, distracteurs permutés.",
v34-association-raisonnee-5674,supprimée,"Association de titres et définitions, indices lexicaux, distracteurs permutés.",choix_long
v34-association-raisonnee-5680,supprimée,"Association de titres et définitions, indices lexicaux, distracteurs permutés.",
v34-association-raisonnee-5682,supprimée,"Association de titres et définitions, indices lexicaux, distracteurs permutés.",choix_long
v34-association-raisonnee-5684,supprimée,"Association de titres et définitions, indices lexicaux, distracteurs permutés.",choix_long
v34-triple-raisonnement-5702,supprimée,"Permutation de trois définitions, lecture trop longue et niveau artificiel.",enonce_long
v34-triple-raisonnement-5704,supprimée,"Permutation de trois définitions, lecture trop longue et niveau artificiel.",enonce_long
v34-triple-raisonnement-5724,supprimée,"Permutation de trois définitions, lecture trop longue et niveau artificiel.",enonce_long
v34-triple-raisonnement-5725,supprimée,"Permutation de trois définitions, lecture trop longue et niveau artificiel.",enonce_long
v31-cross-go-1re-6-1-1-6-2-2-1,supprimée,Définitions recopiées et propositions par permutation.,choix_long
v31-pair-go-1re-6-1-1-6-1-2-1,supprimée,Définitions recopiées et propositions par permutation.,choix_long
v31-pair-go-1re-6-1-1-6-1-2-3,supprimée,Définitions recopiées et propositions par permutation.,choix_long
v31-pair-go-1re-6-1-2-1-6-1-2-3,supprimée,Définitions recopiées et propositions par permutation.,choix_long
v32a-pair-go-1re-06-31-1,supprimée,Diagnostic de titres de cours et associations artificielles.,
v32a-pair-go-1re-06-31-2,supprimée,Diagnostic de titres de cours et associations artificielles.,
v32a-pair-go-1re-06-31-3,supprimée,Diagnostic de titres de cours et associations artificielles.,enonce_long
v32a-pair-go-1re-06-31-4,supprimée,Diagnostic de titres de cours et associations artificielles.,enonce_long
v32a-triple-go-1re-06-31-1,supprimée,Attribution mécanique de trois titres.,enonce_long
v32a-triple-go-1re-06-31-2,supprimée,Attribution mécanique de trois titres.,enonce_long
v34-association-raisonnee-5742,supprimée,"Association de titres et définitions, indices lexicaux, distracteurs permutés.",
v34-association-raisonnee-5747,supprimée,"Association de titres et définitions, indices lexicaux, distracteurs permutés.",
v34-association-raisonnee-5750,supprimée,"Association de titres et définitions, indices lexicaux, distracteurs permutés.",
v34-association-raisonnee-5752,supprimée,"Association de titres et définitions, indices lexicaux, distracteurs permutés.",
v34-association-raisonnee-5781,supprimée,"Association de titres et définitions, indices lexicaux, distracteurs permutés.",
v34-distinction-raisonnee-5808,supprimée,Juxtaposition de définitions ; reconstruction nécessaire.,choix_long
v34-distinction-raisonnee-5828,supprimée,Juxtaposition de définitions ; reconstruction nécessaire.,choix_long
v34-triple-raisonnement-5801,supprimée,"Permutation de trois définitions, lecture trop longue et niveau artificiel.",enonce_long
go-formula-0097,supprimée,"Formules répétées, bases parfois implicites et corrections récitées ; remplacement sélectif avec justification.",
go-formula-0098,supprimée,"Formules répétées, bases parfois implicites et corrections récitées ; remplacement sélectif avec justification.",
go-formula-0099,supprimée,"Formules répétées, bases parfois implicites et corrections récitées ; remplacement sélectif avec justification.",
go-formula-0100,supprimée,"Formules répétées, bases parfois implicites et corrections récitées ; remplacement sélectif avec justification.",
go-formula-0101,supprimée,"Formules répétées, bases parfois implicites et corrections récitées ; remplacement sélectif avec justification.",
go-formula-0102,supprimée,"Formules répétées, bases parfois implicites et corrections récitées ; remplacement sélectif avec justification.",
go-formula-0103,supprimée,"Formules répétées, bases parfois implicites et corrections récitées ; remplacement sélectif avec justification.",
go-formula-0104,supprimée,"Formules répétées, bases parfois implicites et corrections récitées ; remplacement sélectif avec justification.",
go-formula-0105,supprimée,"Formules répétées, bases parfois implicites et corrections récitées ; remplacement sélectif avec justification.",
go-formula-0106,supprimée,"Formules répétées, bases parfois implicites et corrections récitées ; remplacement sélectif avec justification.",
go-formula-0107,supprimée,"Formules répétées, bases parfois implicites et corrections récitées ; remplacement sélectif avec justification.",
go-formula-0108,supprimée,"Formules répétées, bases parfois implicites et corrections récitées ; remplacement sélectif avec justification.",
v32a-formpair-go-1re-06-32-1,supprimée,Paires de formules répétées ; reconstruction sélective.,
v32a-formpair-go-1re-06-32-2,supprimée,Paires de formules répétées ; reconstruction sélective.,
v32a-formpair-go-1re-06-32-3,supprimée,Paires de formules répétées ; reconstruction sélective.,
v34-association-raisonnee-5877,supprimée,"Association de titres et définitions, indices lexicaux, distracteurs permutés.",choix_long
v34-association-raisonnee-5882,supprimée,"Association de titres et définitions, indices lexicaux, distracteurs permutés.",
v34-association-raisonnee-5883,supprimée,"Association de titres et définitions, indices lexicaux, distracteurs permutés.",choix_long
v34-association-raisonnee-5884,supprimée,"Association de titres et définitions, indices lexicaux, distracteurs permutés.",choix_long
v34-triple-raisonnement-5897,supprimée,"Permutation de trois définitions, lecture trop longue et niveau artificiel.",enonce_long
v34-triple-raisonnement-5899,supprimée,"Permutation de trois définitions, lecture trop longue et niveau artificiel.",enonce_long
v34-triple-raisonnement-5901,supprimée,"Permutation de trois définitions, lecture trop longue et niveau artificiel.",enonce_long
go-formula-0109,supprimée,"Formules répétées, bases parfois implicites et corrections récitées ; remplacement sélectif avec justification.",
go-formula-0110,supprimée,"Formules répétées, bases parfois implicites et corrections récitées ; remplacement sélectif avec justification.",
go-formula-0111,supprimée,"Formules répétées, bases parfois implicites et corrections récitées ; remplacement sélectif avec justification.",
go-formula-0112,supprimée,"Formules répétées, bases parfois implicites et corrections récitées ; remplacement sélectif avec justification.",
v31-method-go-1re-6-2-2-2,supprimée,Ordre des premières opérations souvent non unique ; propositions mécaniquement inversées.,choix_long
v32a-cumulative-go-1re-06-33,supprimée,Attribution de titres à des extraits ; faible transfert.,enonce_long
v34-association-raisonnee-5903,supprimée,"Association de titres et définitions, indices lexicaux, distracteurs permutés.",
v34-association-raisonnee-5905,supprimée,"Association de titres et définitions, indices lexicaux, distracteurs permutés.",choix_long
v34-association-raisonnee-5907,supprimée,"Association de titres et définitions, indices lexicaux, distracteurs permutés.",
v34-association-raisonnee-5911,supprimée,"Association de titres et définitions, indices lexicaux, distracteurs permutés.",
v34-association-raisonnee-5913,supprimée,"Association de titres et définitions, indices lexicaux, distracteurs permutés.",choix_long
v34-distinction-raisonnee-5928,supprimée,Juxtaposition de définitions ; reconstruction nécessaire.,choix_long
v34-double-raisonnement-5931,supprimée,"Permutation de deux définitions, raisonnement professionnel non démontré.",enonce_long
v34-double-raisonnement-5950,supprimée,"Permutation de deux définitions, raisonnement professionnel non démontré.",
v34-triple-raisonnement-5933,supprimée,"Permutation de trois définitions, lecture trop longue et niveau artificiel.",enonce_long
v34-triple-raisonnement-5938,supprimée,"Permutation de trois définitions, lecture trop longue et niveau artificiel.",enonce_long
v34-triple-raisonnement-5953,supprimée,"Permutation de trois définitions, lecture trop longue et niveau artificiel.",enonce_long
v34-triple-raisonnement-5958,supprimée,"Permutation de trois définitions, lecture trop longue et niveau artificiel.",enonce_long
v31-cross-go-1re-6-2-2-1-6-1-1,supprimée,Définitions recopiées et propositions par permutation.,choix_long
v31-example-go-1re-6-2-2-1,supprimée,Mini-cas souvent suivi de titres de cours ou ordre arbitraire ; remplacé par une décision explicite.,
v32a-cumulative-go-1re-06-34,supprimée,Attribution de titres à des extraits ; faible transfert.,enonce_long
v34-association-raisonnee-5961,supprimée,"Association de titres et définitions, indices lexicaux, distracteurs permutés.",choix_long
v34-association-raisonnee-5962,supprimée,"Association de titres et définitions, indices lexicaux, distracteurs permutés.",choix_long
v34-association-raisonnee-5963,supprimée,"Association de titres et définitions, indices lexicaux, distracteurs permutés.",choix_long
v34-association-raisonnee-5964,supprimée,"Association de titres et définitions, indices lexicaux, distracteurs permutés.",choix_long
v34-diagnostic-formule-5984,supprimée,"Objectif formulé comme un titre de cours, choix longs et répétitifs.",choix_long
v34-diagnostic-formule-5985,supprimée,"Objectif formulé comme un titre de cours, choix longs et répétitifs.",
v34-diagnostic-formule-5987,supprimée,"Objectif formulé comme un titre de cours, choix longs et répétitifs.",
v34-distinction-raisonnee-5972,supprimée,Juxtaposition de définitions ; reconstruction nécessaire.,choix_long
v34-double-raisonnement-5977,supprimée,"Permutation de deux définitions, raisonnement professionnel non démontré.",enonce_long
v34-double-raisonnement-5981,supprimée,"Permutation de deux définitions, raisonnement professionnel non démontré.",enonce_long
v31-casevigilance-go-2e-1-1-1,supprimée,Mini-cas souvent suivi de titres de cours ou ordre arbitraire ; remplacé par une décision explicite.,
v31-casevigilance-go-2e-1-1-3,supprimée,Mini-cas souvent suivi de titres de cours ou ordre arbitraire ; remplacé par une décision explicite.,enonce_long
v31-casevigilance-go-2e-1-1-6,supprimée,Mini-cas souvent suivi de titres de cours ou ordre arbitraire ; remplacé par une décision explicite.,
v31-casevigilance-go-2e-1-1-8,supprimée,Mini-cas souvent suivi de titres de cours ou ordre arbitraire ; remplacé par une décision explicite.,enonce_long
v31-example-go-2e-1-1-1,supprimée,Mini-cas souvent suivi de titres de cours ou ordre arbitraire ; remplacé par une décision explicite.,
v31-example-go-2e-1-1-2,supprimée,Mini-cas souvent suivi de titres de cours ou ordre arbitraire ; remplacé par une décision explicite.,enonce_long
v31-example-go-2e-1-1-4,supprimée,Mini-cas souvent suivi de titres de cours ou ordre arbitraire ; remplacé par une décision explicite.,
v31-example-go-2e-1-1-5,supprimée,Mini-cas souvent suivi de titres de cours ou ordre arbitraire ; remplacé par une décision explicite.,
v31-example-go-2e-1-1-6,supprimée,Mini-cas souvent suivi de titres de cours ou ordre arbitraire ; remplacé par une décision explicite.,
v31-example-go-2e-1-1-8,supprimée,Mini-cas souvent suivi de titres de cours ou ordre arbitraire ; remplacé par une décision explicite.,enonce_long
v31-example-go-2e-1-1-9,supprimée,Mini-cas souvent suivi de titres de cours ou ordre arbitraire ; remplacé par une décision explicite.,enonce_long
v31-method-go-2e-1-1-7,supprimée,Ordre des premières opérations souvent non unique ; propositions mécaniquement inversées.,choix_long
v31-pair-go-2e-1-1-1-1-1-2,supprimée,Définitions recopiées et propositions par permutation.,choix_long
v31-pair-go-2e-1-1-1-1-1-3,supprimée,Définitions recopiées et propositions par permutation.,choix_long
v31-pair-go-2e-1-1-1-1-1-7,supprimée,Définitions recopiées et propositions par permutation.,choix_long
v31-pair-go-2e-1-1-1-1-1-8,supprimée,Définitions recopiées et propositions par permutation.,choix_long
v31-pair-go-2e-1-1-2-1-1-3,supprimée,Définitions recopiées et propositions par permutation.,choix_long
v31-pair-go-2e-1-1-2-1-1-7,supprimée,Définitions recopiées et propositions par permutation.,choix_long
v31-pair-go-2e-1-1-2-1-1-8,supprimée,Définitions recopiées et propositions par permutation.,choix_long
v31-pair-go-2e-1-1-3-1-1-7,supprimée,Définitions recopiées et propositions par permutation.,choix_long
v31-pair-go-2e-1-1-3-1-1-8,supprimée,Définitions recopiées et propositions par permutation.,choix_long
v31-pair-go-2e-1-1-7-1-1-8,supprimée,Définitions recopiées et propositions par permutation.,choix_long
v32a-pair-go-2e-01-01-1,supprimée,Diagnostic de titres de cours et associations artificielles.,
v32a-pair-go-2e-01-01-2,supprimée,Diagnostic de titres de cours et associations artificielles.,enonce_long
v32a-pair-go-2e-01-01-3,supprimée,Diagnostic de titres de cours et associations artificielles.,enonce_long
v32a-pair-go-2e-01-01-4,supprimée,Diagnostic de titres de cours et associations artificielles.,enonce_long
v32a-triple-go-2e-01-01-1,supprimée,Attribution mécanique de trois titres.,enonce_long
v32a-triple-go-2e-01-01-2,supprimée,Attribution mécanique de trois titres.,choix_long;enonce_long
v34-association-raisonnee-5992,supprimée,"Association de titres et définitions, indices lexicaux, distracteurs permutés.",
v34-association-raisonnee-5995,supprimée,"Association de titres et définitions, indices lexicaux, distracteurs permutés.",
v34-association-raisonnee-5998,supprimée,"Association de titres et définitions, indices lexicaux, distracteurs permutés.",
v34-association-raisonnee-6013,supprimée,"Association de titres et définitions, indices lexicaux, distracteurs permutés.",
v34-association-raisonnee-6018,supprimée,"Association de titres et définitions, indices lexicaux, distracteurs permutés.",choix_long
go-formula-0113,supprimée,"Formules répétées, bases parfois implicites et corrections récitées ; remplacement sélectif avec justification.",
go-formula-0114,supprimée,"Formules répétées, bases parfois implicites et corrections récitées ; remplacement sélectif avec justification.",
v31-caseaction-go-2e-1-2-1,supprimée,Mini-cas souvent suivi de titres de cours ou ordre arbitraire ; remplacé par une décision explicite.,
v31-caseaction-go-2e-1-2-2,supprimée,Mini-cas souvent suivi de titres de cours ou ordre arbitraire ; remplacé par une décision explicite.,
v31-caseaction-go-2e-1-2-3,supprimée,Mini-cas souvent suivi de titres de cours ou ordre arbitraire ; remplacé par une décision explicite.,enonce_long
v31-casevigilance-go-2e-1-2-1,supprimée,Mini-cas souvent suivi de titres de cours ou ordre arbitraire ; remplacé par une décision explicite.,
v31-cross-go-2e-1-2-1-1-1-7,supprimée,Définitions recopiées et propositions par permutation.,choix_long
v31-example-go-2e-1-2-1,supprimée,Mini-cas souvent suivi de titres de cours ou ordre arbitraire ; remplacé par une décision explicite.,
v31-example-go-2e-1-2-3,supprimée,Mini-cas souvent suivi de titres de cours ou ordre arbitraire ; remplacé par une décision explicite.,enonce_long
v31-method-go-2e-1-2-1,supprimée,Ordre des premières opérations souvent non unique ; propositions mécaniquement inversées.,choix_long
v31-method-go-2e-1-2-2,supprimée,Ordre des premières opérations souvent non unique ; propositions mécaniquement inversées.,choix_long
v31-method-go-2e-1-2-3,supprimée,Ordre des premières opérations souvent non unique ; propositions mécaniquement inversées.,choix_long
v32a-cumulative-go-2e-01-02,supprimée,Attribution de titres à des extraits ; faible transfert.,enonce_long
v34-association-raisonnee-6192,supprimée,"Association de titres et définitions, indices lexicaux, distracteurs permutés.",
v34-association-raisonnee-6194,supprimée,"Association de titres et définitions, indices lexicaux, distracteurs permutés.",choix_long
v34-association-raisonnee-6195,supprimée,"Association de titres et définitions, indices lexicaux, distracteurs permutés.",
v34-association-raisonnee-6197,supprimée,"Association de titres et définitions, indices lexicaux, distracteurs permutés.",
v34-association-raisonnee-6198,supprimée,"Association de titres et définitions, indices lexicaux, distracteurs permutés.",
v31-example-go-2e-1-3-2,supprimée,Mini-cas souvent suivi de titres de cours ou ordre arbitraire ; remplacé par une décision explicite.,enonce_long
v31-example-go-2e-1-3-3,supprimée,Mini-cas souvent suivi de titres de cours ou ordre arbitraire ; remplacé par une décision explicite.,enonce_long
v31-method-go-2e-1-3-1,supprimée,Ordre des premières opérations souvent non unique ; propositions mécaniquement inversées.,choix_long
v32a-pair-go-2e-01-03-1,supprimée,Diagnostic de titres de cours et associations artificielles.,enonce_long
v32a-pair-go-2e-01-03-2,supprimée,Diagnostic de titres de cours et associations artificielles.,enonce_long
v32a-pair-go-2e-01-03-3,supprimée,Diagnostic de titres de cours et associations artificielles.,enonce_long
v34-association-raisonnee-6271,supprimée,"Association de titres et définitions, indices lexicaux, distracteurs permutés.",choix_long
v34-association-raisonnee-6275,supprimée,"Association de titres et définitions, indices lexicaux, distracteurs permutés.",choix_long
v34-association-raisonnee-6287,supprimée,"Association de titres et définitions, indices lexicaux, distracteurs permutés.",
v34-association-raisonnee-6291,supprimée,"Association de titres et définitions, indices lexicaux, distracteurs permutés.",choix_long
v34-association-raisonnee-6293,supprimée,"Association de titres et définitions, indices lexicaux, distracteurs permutés.",choix_long
v34-distinction-raisonnee-6302,supprimée,Juxtaposition de définitions ; reconstruction nécessaire.,choix_long
v34-double-raisonnement-6305,supprimée,"Permutation de deux définitions, raisonnement professionnel non démontré.",enonce_long
v34-double-raisonnement-6345,supprimée,"Permutation de deux définitions, raisonnement professionnel non démontré.",enonce_long
v34-triple-raisonnement-6311,supprimée,"Permutation de trois définitions, lecture trop longue et niveau artificiel.",choix_long;enonce_long
v34-triple-raisonnement-6316,supprimée,"Permutation de trois définitions, lecture trop longue et niveau artificiel.",choix_long;enonce_long
v34-triple-raisonnement-6335,supprimée,"Permutation de trois définitions, lecture trop longue et niveau artificiel.",choix_long;enonce_long
v34-triple-raisonnement-6361,supprimée,"Permutation de trois définitions, lecture trop longue et niveau artificiel.",choix_long;enonce_long
go-formula-0115,supprimée,"Formules répétées, bases parfois implicites et corrections récitées ; remplacement sélectif avec justification.",
go-formula-0116,supprimée,"Formules répétées, bases parfois implicites et corrections récitées ; remplacement sélectif avec justification.",
go-formula-0117,supprimée,"Formules répétées, bases parfois implicites et corrections récitées ; remplacement sélectif avec justification.",
go-formula-0118,supprimée,"Formules répétées, bases parfois implicites et corrections récitées ; remplacement sélectif avec justification.",
go-formula-0119,supprimée,"Formules répétées, bases parfois implicites et corrections récitées ; remplacement sélectif avec justification.",
go-formula-0120,supprimée,"Formules répétées, bases parfois implicites et corrections récitées ; remplacement sélectif avec justification.",
v31-casevigilance-go-2e-2-1-3,supprimée,Mini-cas souvent suivi de titres de cours ou ordre arbitraire ; remplacé par une décision explicite.,choix_long
v31-cross-go-2e-2-1-1-2-1-4,supprimée,Définitions recopiées et propositions par permutation.,choix_long
v31-method-go-2e-2-1-1,supprimée,Ordre des premières opérations souvent non unique ; propositions mécaniquement inversées.,choix_long
v31-method-go-2e-2-1-3,supprimée,Ordre des premières opérations souvent non unique ; propositions mécaniquement inversées.,
v32a-formpair-go-2e-02-04-1,supprimée,Paires de formules répétées ; reconstruction sélective.,
v32a-formpair-go-2e-02-04-2,supprimée,Paires de formules répétées ; reconstruction sélective.,
v32a-formpair-go-2e-02-04-3,supprimée,Paires de formules répétées ; reconstruction sélective.,
v34-association-raisonnee-6397,supprimée,"Association de titres et définitions, indices lexicaux, distracteurs permutés.",choix_long
v34-association-raisonnee-6399,supprimée,"Association de titres et définitions, indices lexicaux, distracteurs permutés.",
v34-association-raisonnee-6404,supprimée,"Association de titres et définitions, indices lexicaux, distracteurs permutés.",choix_long
v34-association-raisonnee-6413,supprimée,"Association de titres et définitions, indices lexicaux, distracteurs permutés.",choix_long
v34-association-raisonnee-6414,supprimée,"Association de titres et définitions, indices lexicaux, distracteurs permutés.",choix_long
v34-triple-raisonnement-6431,supprimée,"Permutation de trois définitions, lecture trop longue et niveau artificiel.",enonce_long
go-formula-0121,supprimée,"Formules répétées, bases parfois implicites et corrections récitées ; remplacement sélectif avec justification.",
go-formula-0122,supprimée,"Formules répétées, bases parfois implicites et corrections récitées ; remplacement sélectif avec justification.",
v31-cross-go-2e-2-1-4-2-1-1,supprimée,Définitions recopiées et propositions par permutation.,choix_long
v32a-cumulative-go-2e-02-05,supprimée,Attribution de titres à des extraits ; faible transfert.,enonce_long
v34-association-raisonnee-6497,supprimée,"Association de titres et définitions, indices lexicaux, distracteurs permutés.",
v34-association-raisonnee-6499,supprimée,"Association de titres et définitions, indices lexicaux, distracteurs permutés.",
v34-association-raisonnee-6501,supprimée,"Association de titres et définitions, indices lexicaux, distracteurs permutés.",
v34-association-raisonnee-6502,supprimée,"Association de titres et définitions, indices lexicaux, distracteurs permutés.",
v34-distinction-raisonnee-6506,supprimée,Juxtaposition de définitions ; reconstruction nécessaire.,choix_long
v34-distinction-raisonnee-6508,supprimée,Juxtaposition de définitions ; reconstruction nécessaire.,choix_long
v34-double-raisonnement-6507,supprimée,"Permutation de deux définitions, raisonnement professionnel non démontré.",enonce_long
v34-triple-raisonnement-6511,supprimée,"Permutation de trois définitions, lecture trop longue et niveau artificiel.",enonce_long
v34-triple-raisonnement-6512,supprimée,"Permutation de trois définitions, lecture trop longue et niveau artificiel.",enonce_long
go-formula-0123,supprimée,"Formules répétées, bases parfois implicites et corrections récitées ; remplacement sélectif avec justification.",
go-formula-0124,supprimée,"Formules répétées, bases parfois implicites et corrections récitées ; remplacement sélectif avec justification.",
v31-caseaction-go-2e-2-1-5,supprimée,Mini-cas souvent suivi de titres de cours ou ordre arbitraire ; remplacé par une décision explicite.,
v31-casevigilance-go-2e-2-1-5,supprimée,Mini-cas souvent suivi de titres de cours ou ordre arbitraire ; remplacé par une décision explicite.,choix_long
v31-cross-go-2e-2-1-6-2-1-1,supprimée,Définitions recopiées et propositions par permutation.,choix_long
v31-example-go-2e-2-1-6,supprimée,Mini-cas souvent suivi de titres de cours ou ordre arbitraire ; remplacé par une décision explicite.,
v31-method-go-2e-2-1-5,supprimée,Ordre des premières opérations souvent non unique ; propositions mécaniquement inversées.,choix_long
v32a-cumulative-go-2e-02-06,supprimée,Attribution de titres à des extraits ; faible transfert.,enonce_long
v34-association-raisonnee-6514,supprimée,"Association de titres et définitions, indices lexicaux, distracteurs permutés.",
v34-association-raisonnee-6519,supprimée,"Association de titres et définitions, indices lexicaux, distracteurs permutés.",
v34-association-raisonnee-6522,supprimée,"Association de titres et définitions, indices lexicaux, distracteurs permutés.",
v34-association-raisonnee-6526,supprimée,"Association de titres et définitions, indices lexicaux, distracteurs permutés.",
v34-association-raisonnee-6528,supprimée,"Association de titres et définitions, indices lexicaux, distracteurs permutés.",
v34-distinction-raisonnee-6557,supprimée,Juxtaposition de définitions ; reconstruction nécessaire.,choix_long
v34-double-raisonnement-6534,supprimée,"Permutation de deux définitions, raisonnement professionnel non démontré.",
v34-double-raisonnement-6536,supprimée,"Permutation de deux définitions, raisonnement professionnel non démontré.",enonce_long
v34-triple-raisonnement-6564,supprimée,"Permutation de trois définitions, lecture trop longue et niveau artificiel.",enonce_long
v34-triple-raisonnement-6565,supprimée,"Permutation de trois définitions, lecture trop longue et niveau artificiel.",enonce_long
go-formula-0125,supprimée,"Formules répétées, bases parfois implicites et corrections récitées ; remplacement sélectif avec justification.",
go-formula-0126,supprimée,"Formules répétées, bases parfois implicites et corrections récitées ; remplacement sélectif avec justification.",
v31-casevigilance-go-2e-2-2-1,supprimée,Mini-cas souvent suivi de titres de cours ou ordre arbitraire ; remplacé par une décision explicite.,choix_long;enonce_long
v31-example-go-2e-2-2-1,supprimée,Mini-cas souvent suivi de titres de cours ou ordre arbitraire ; remplacé par une décision explicite.,enonce_long
v31-example-go-2e-2-2-3,supprimée,Mini-cas souvent suivi de titres de cours ou ordre arbitraire ; remplacé par une décision explicite.,
v31-method-go-2e-2-2-2,supprimée,Ordre des premières opérations souvent non unique ; propositions mécaniquement inversées.,
v31-pair-go-2e-2-2-1-2-2-2,supprimée,Définitions recopiées et propositions par permutation.,choix_long
v32a-pair-go-2e-02-09-1,supprimée,Diagnostic de titres de cours et associations artificielles.,enonce_long
v32a-pair-go-2e-02-09-2,supprimée,Diagnostic de titres de cours et associations artificielles.,enonce_long
v32a-pair-go-2e-02-09-3,supprimée,Diagnostic de titres de cours et associations artificielles.,enonce_long
v34-association-raisonnee-6570,supprimée,"Association de titres et définitions, indices lexicaux, distracteurs permutés.",choix_long
v34-association-raisonnee-6571,supprimée,"Association de titres et définitions, indices lexicaux, distracteurs permutés.",
v34-association-raisonnee-6579,supprimée,"Association de titres et définitions, indices lexicaux, distracteurs permutés.",
v34-association-raisonnee-6580,supprimée,"Association de titres et définitions, indices lexicaux, distracteurs permutés.",
v34-association-raisonnee-6592,supprimée,"Association de titres et définitions, indices lexicaux, distracteurs permutés.",choix_long
v34-double-raisonnement-6634,supprimée,"Permutation de deux définitions, raisonnement professionnel non démontré.",enonce_long
v34-triple-raisonnement-6629,supprimée,"Permutation de trois définitions, lecture trop longue et niveau artificiel.",enonce_long
v34-triple-raisonnement-6630,supprimée,"Permutation de trois définitions, lecture trop longue et niveau artificiel.",enonce_long
go-formula-0127,supprimée,"Formules répétées, bases parfois implicites et corrections récitées ; remplacement sélectif avec justification.",
go-formula-0128,supprimée,"Formules répétées, bases parfois implicites et corrections récitées ; remplacement sélectif avec justification.",
go-formula-0129,supprimée,"Formules répétées, bases parfois implicites et corrections récitées ; remplacement sélectif avec justification.",
go-formula-0130,supprimée,"Formules répétées, bases parfois implicites et corrections récitées ; remplacement sélectif avec justification.",
go-formula-0131,supprimée,"Formules répétées, bases parfois implicites et corrections récitées ; remplacement sélectif avec justification.",
go-formula-0132,supprimée,"Formules répétées, bases parfois implicites et corrections récitées ; remplacement sélectif avec justification.",
v31-caseaction-go-2e-2-3-2,supprimée,Mini-cas souvent suivi de titres de cours ou ordre arbitraire ; remplacé par une décision explicite.,
v31-casevigilance-go-2e-2-3-3,supprimée,Mini-cas souvent suivi de titres de cours ou ordre arbitraire ; remplacé par une décision explicite.,choix_long
v31-casevigilance-go-2e-2-3-4,supprimée,Mini-cas souvent suivi de titres de cours ou ordre arbitraire ; remplacé par une décision explicite.,choix_long
v31-example-go-2e-2-3-1,supprimée,Mini-cas souvent suivi de titres de cours ou ordre arbitraire ; remplacé par une décision explicite.,
v31-example-go-2e-2-3-2,supprimée,Mini-cas souvent suivi de titres de cours ou ordre arbitraire ; remplacé par une décision explicite.,
v31-method-go-2e-2-3-2,supprimée,Ordre des premières opérations souvent non unique ; propositions mécaniquement inversées.,choix_long
v31-method-go-2e-2-3-4,supprimée,Ordre des premières opérations souvent non unique ; propositions mécaniquement inversées.,
v31-pair-go-2e-2-3-1-2-3-3,supprimée,Définitions recopiées et propositions par permutation.,choix_long
v31-pair-go-2e-2-3-1-2-3-4,supprimée,Définitions recopiées et propositions par permutation.,choix_long
v31-pair-go-2e-2-3-3-2-3-4,supprimée,Définitions recopiées et propositions par permutation.,choix_long
v32a-formpair-go-2e-02-10-1,supprimée,Paires de formules répétées ; reconstruction sélective.,
v32a-formpair-go-2e-02-10-2,supprimée,Paires de formules répétées ; reconstruction sélective.,
v32a-formpair-go-2e-02-10-3,supprimée,Paires de formules répétées ; reconstruction sélective.,
v32a-pair-go-2e-02-10-1,supprimée,Diagnostic de titres de cours et associations artificielles.,enonce_long
v32a-pair-go-2e-02-10-2,supprimée,Diagnostic de titres de cours et associations artificielles.,enonce_long
v32a-pair-go-2e-02-10-3,supprimée,Diagnostic de titres de cours et associations artificielles.,enonce_long
v32a-pair-go-2e-02-10-4,supprimée,Diagnostic de titres de cours et associations artificielles.,enonce_long
v34-association-raisonnee-6648,supprimée,"Association de titres et définitions, indices lexicaux, distracteurs permutés.",
v34-association-raisonnee-6649,supprimée,"Association de titres et définitions, indices lexicaux, distracteurs permutés.",
v34-association-raisonnee-6665,supprimée,"Association de titres et définitions, indices lexicaux, distracteurs permutés.",choix_long
v34-association-raisonnee-6671,supprimée,"Association de titres et définitions, indices lexicaux, distracteurs permutés.",choix_long
v34-association-raisonnee-6679,supprimée,"Association de titres et définitions, indices lexicaux, distracteurs permutés.",choix_long
go-formula-0133,supprimée,"Formules répétées, bases parfois implicites et corrections récitées ; remplacement sélectif avec justification.",
go-formula-0134,supprimée,"Formules répétées, bases parfois implicites et corrections récitées ; remplacement sélectif avec justification.",
go-formula-0135,supprimée,"Formules répétées, bases parfois implicites et corrections récitées ; remplacement sélectif avec justification.",
go-formula-0136,supprimée,"Formules répétées, bases parfois implicites et corrections récitées ; remplacement sélectif avec justification.",
go-formula-0137,supprimée,"Formules répétées, bases parfois implicites et corrections récitées ; remplacement sélectif avec justification.",
go-formula-0138,supprimée,"Formules répétées, bases parfois implicites et corrections récitées ; remplacement sélectif avec justification.",
v31-caseaction-go-2e-3-1-1,supprimée,Mini-cas souvent suivi de titres de cours ou ordre arbitraire ; remplacé par une décision explicite.,
v31-casevigilance-go-2e-3-1-2,supprimée,Mini-cas souvent suivi de titres de cours ou ordre arbitraire ; remplacé par une décision explicite.,choix_long
v31-casevigilance-go-2e-3-1-5,supprimée,Mini-cas souvent suivi de titres de cours ou ordre arbitraire ; remplacé par une décision explicite.,choix_long
v31-example-go-2e-3-1-1,supprimée,Mini-cas souvent suivi de titres de cours ou ordre arbitraire ; remplacé par une décision explicite.,
v31-example-go-2e-3-1-2,supprimée,Mini-cas souvent suivi de titres de cours ou ordre arbitraire ; remplacé par une décision explicite.,enonce_long
v31-example-go-2e-3-1-3,supprimée,Mini-cas souvent suivi de titres de cours ou ordre arbitraire ; remplacé par une décision explicite.,
v31-example-go-2e-3-1-5,supprimée,Mini-cas souvent suivi de titres de cours ou ordre arbitraire ; remplacé par une décision explicite.,
v31-method-go-2e-3-1-1,supprimée,Ordre des premières opérations souvent non unique ; propositions mécaniquement inversées.,choix_long
v31-pair-go-2e-3-1-2-3-1-3,supprimée,Définitions recopiées et propositions par permutation.,choix_long
v32a-formpair-go-2e-03-12-1,supprimée,Paires de formules répétées ; reconstruction sélective.,
v32a-formpair-go-2e-03-12-2,supprimée,Paires de formules répétées ; reconstruction sélective.,
v32a-formpair-go-2e-03-12-3,supprimée,Paires de formules répétées ; reconstruction sélective.,
v32a-pair-go-2e-03-12-1,supprimée,Diagnostic de titres de cours et associations artificielles.,enonce_long
v32a-pair-go-2e-03-12-2,supprimée,Diagnostic de titres de cours et associations artificielles.,enonce_long
v32a-pair-go-2e-03-12-3,supprimée,Diagnostic de titres de cours et associations artificielles.,enonce_long
v32a-pair-go-2e-03-12-4,supprimée,Diagnostic de titres de cours et associations artificielles.,enonce_long
v34-association-raisonnee-6804,supprimée,"Association de titres et définitions, indices lexicaux, distracteurs permutés.",
v34-association-raisonnee-6805,supprimée,"Association de titres et définitions, indices lexicaux, distracteurs permutés.",
v34-association-raisonnee-6808,supprimée,"Association de titres et définitions, indices lexicaux, distracteurs permutés.",
v34-association-raisonnee-6814,supprimée,"Association de titres et définitions, indices lexicaux, distracteurs permutés.",
v34-association-raisonnee-6827,supprimée,"Association de titres et définitions, indices lexicaux, distracteurs permutés.",
v34-triple-raisonnement-6884,supprimée,"Permutation de trois définitions, lecture trop longue et niveau artificiel.",enonce_long
go-formula-0139,supprimée,"Formules répétées, bases parfois implicites et corrections récitées ; remplacement sélectif avec justification.",
go-formula-0140,supprimée,"Formules répétées, bases parfois implicites et corrections récitées ; remplacement sélectif avec justification.",
v31-casevigilance-go-2e-3-1-7,supprimée,Mini-cas souvent suivi de titres de cours ou ordre arbitraire ; remplacé par une décision explicite.,
v31-cross-go-2e-3-1-6-3-1-2,supprimée,Définitions recopiées et propositions par permutation.,choix_long
v31-example-go-2e-3-1-6,supprimée,Mini-cas souvent suivi de titres de cours ou ordre arbitraire ; remplacé par une décision explicite.,
v31-example-go-2e-3-1-7,supprimée,Mini-cas souvent suivi de titres de cours ou ordre arbitraire ; remplacé par une décision explicite.,
v31-example-go-2e-3-1-8,supprimée,Mini-cas souvent suivi de titres de cours ou ordre arbitraire ; remplacé par une décision explicite.,
v31-method-go-2e-3-1-6,supprimée,Ordre des premières opérations souvent non unique ; propositions mécaniquement inversées.,
v31-pair-go-2e-3-1-6-3-1-8,supprimée,Définitions recopiées et propositions par permutation.,choix_long
v32a-pair-go-2e-03-13-1,supprimée,Diagnostic de titres de cours et associations artificielles.,enonce_long
v32a-pair-go-2e-03-13-2,supprimée,Diagnostic de titres de cours et associations artificielles.,enonce_long
v32a-pair-go-2e-03-13-3,supprimée,Diagnostic de titres de cours et associations artificielles.,enonce_long
v34-association-raisonnee-6912,supprimée,"Association de titres et définitions, indices lexicaux, distracteurs permutés.",
v34-association-raisonnee-6917,supprimée,"Association de titres et définitions, indices lexicaux, distracteurs permutés.",
v34-association-raisonnee-6918,supprimée,"Association de titres et définitions, indices lexicaux, distracteurs permutés.",
v34-association-raisonnee-6928,supprimée,"Association de titres et définitions, indices lexicaux, distracteurs permutés.",choix_long
v34-association-raisonnee-6929,supprimée,"Association de titres et définitions, indices lexicaux, distracteurs permutés.",choix_long
v34-triple-raisonnement-6944,supprimée,"Permutation de trois définitions, lecture trop longue et niveau artificiel.",enonce_long
v31-casevigilance-go-2e-3-2-2,supprimée,Mini-cas souvent suivi de titres de cours ou ordre arbitraire ; remplacé par une décision explicite.,choix_long;enonce_long
v31-example-go-2e-3-2-1,supprimée,Mini-cas souvent suivi de titres de cours ou ordre arbitraire ; remplacé par une décision explicite.,enonce_long
v31-example-go-2e-3-2-2,supprimée,Mini-cas souvent suivi de titres de cours ou ordre arbitraire ; remplacé par une décision explicite.,enonce_long
v31-example-go-2e-3-2-5,supprimée,Mini-cas souvent suivi de titres de cours ou ordre arbitraire ; remplacé par une décision explicite.,
v31-pair-go-2e-3-2-2-3-2-5,supprimée,Définitions recopiées et propositions par permutation.,choix_long
v32a-pair-go-2e-03-15-1,supprimée,Diagnostic de titres de cours et associations artificielles.,enonce_long
v32a-pair-go-2e-03-15-2,supprimée,Diagnostic de titres de cours et associations artificielles.,enonce_long
v32a-pair-go-2e-03-15-3,supprimée,Diagnostic de titres de cours et associations artificielles.,enonce_long
v34-association-raisonnee-6978,supprimée,"Association de titres et définitions, indices lexicaux, distracteurs permutés.",
v34-association-raisonnee-6981,supprimée,"Association de titres et définitions, indices lexicaux, distracteurs permutés.",choix_long
v34-association-raisonnee-6982,supprimée,"Association de titres et définitions, indices lexicaux, distracteurs permutés.",choix_long
v34-association-raisonnee-6987,supprimée,"Association de titres et définitions, indices lexicaux, distracteurs permutés.",choix_long
v34-association-raisonnee-6990,supprimée,"Association de titres et définitions, indices lexicaux, distracteurs permutés.",choix_long
v34-diagnostic-formule-7056,supprimée,"Objectif formulé comme un titre de cours, choix longs et répétitifs.",
v34-diagnostic-formule-7061,supprimée,"Objectif formulé comme un titre de cours, choix longs et répétitifs.",
v34-diagnostic-formule-7074,supprimée,"Objectif formulé comme un titre de cours, choix longs et répétitifs.",
v34-diagnostic-formule-7076,supprimée,"Objectif formulé comme un titre de cours, choix longs et répétitifs.",
v34-double-raisonnement-7013,supprimée,"Permutation de deux définitions, raisonnement professionnel non démontré.",enonce_long
v31-casevigilance-go-2e-3-3-2,supprimée,Mini-cas souvent suivi de titres de cours ou ordre arbitraire ; remplacé par une décision explicite.,
v31-casevigilance-go-2e-3-3-3,supprimée,Mini-cas souvent suivi de titres de cours ou ordre arbitraire ; remplacé par une décision explicite.,
v31-casevigilance-go-2e-3-3-6,supprimée,Mini-cas souvent suivi de titres de cours ou ordre arbitraire ; remplacé par une décision explicite.,
v31-cross-go-2e-3-3-6-3-3-7,supprimée,Définitions recopiées et propositions par permutation.,choix_long
v31-example-go-2e-3-3-1,supprimée,Mini-cas souvent suivi de titres de cours ou ordre arbitraire ; remplacé par une décision explicite.,enonce_long
v31-example-go-2e-3-3-2,supprimée,Mini-cas souvent suivi de titres de cours ou ordre arbitraire ; remplacé par une décision explicite.,
v31-example-go-2e-3-3-3,supprimée,Mini-cas souvent suivi de titres de cours ou ordre arbitraire ; remplacé par une décision explicite.,
v31-example-go-2e-3-3-4,supprimée,Mini-cas souvent suivi de titres de cours ou ordre arbitraire ; remplacé par une décision explicite.,
v31-example-go-2e-3-3-5,supprimée,Mini-cas souvent suivi de titres de cours ou ordre arbitraire ; remplacé par une décision explicite.,enonce_long
v31-example-go-2e-3-3-6,supprimée,Mini-cas souvent suivi de titres de cours ou ordre arbitraire ; remplacé par une décision explicite.,
v31-method-go-2e-3-3-6,supprimée,Ordre des premières opérations souvent non unique ; propositions mécaniquement inversées.,choix_long
v31-pair-go-2e-3-3-1-3-3-2,supprimée,Définitions recopiées et propositions par permutation.,choix_long
v31-pair-go-2e-3-3-1-3-3-3,supprimée,Définitions recopiées et propositions par permutation.,choix_long
v31-pair-go-2e-3-3-1-3-3-5,supprimée,Définitions recopiées et propositions par permutation.,choix_long
v31-pair-go-2e-3-3-1-3-3-6,supprimée,Définitions recopiées et propositions par permutation.,choix_long
v31-pair-go-2e-3-3-2-3-3-3,supprimée,Définitions recopiées et propositions par permutation.,choix_long
v31-pair-go-2e-3-3-2-3-3-5,supprimée,Définitions recopiées et propositions par permutation.,choix_long
v31-pair-go-2e-3-3-2-3-3-6,supprimée,Définitions recopiées et propositions par permutation.,choix_long
v31-pair-go-2e-3-3-3-3-3-5,supprimée,Définitions recopiées et propositions par permutation.,choix_long
v31-pair-go-2e-3-3-3-3-3-6,supprimée,Définitions recopiées et propositions par permutation.,choix_long
v31-pair-go-2e-3-3-5-3-3-6,supprimée,Définitions recopiées et propositions par permutation.,choix_long
v32a-pair-go-2e-03-16-1,supprimée,Diagnostic de titres de cours et associations artificielles.,enonce_long
v32a-pair-go-2e-03-16-2,supprimée,Diagnostic de titres de cours et associations artificielles.,enonce_long
v32a-pair-go-2e-03-16-3,supprimée,Diagnostic de titres de cours et associations artificielles.,enonce_long
v32a-pair-go-2e-03-16-4,supprimée,Diagnostic de titres de cours et associations artificielles.,enonce_long
v32a-triple-go-2e-03-16-1,supprimée,Attribution mécanique de trois titres.,enonce_long
v32a-triple-go-2e-03-16-2,supprimée,Attribution mécanique de trois titres.,enonce_long
v34-association-raisonnee-7094,supprimée,"Association de titres et définitions, indices lexicaux, distracteurs permutés.",
v34-association-raisonnee-7110,supprimée,"Association de titres et définitions, indices lexicaux, distracteurs permutés.",
v34-association-raisonnee-7111,supprimée,"Association de titres et définitions, indices lexicaux, distracteurs permutés.",
v34-association-raisonnee-7118,supprimée,"Association de titres et définitions, indices lexicaux, distracteurs permutés.",
v34-association-raisonnee-7123,supprimée,"Association de titres et définitions, indices lexicaux, distracteurs permutés.",
go-formula-0141,supprimée,"Formules répétées, bases parfois implicites et corrections récitées ; remplacement sélectif avec justification.",
go-formula-0142,supprimée,"Formules répétées, bases parfois implicites et corrections récitées ; remplacement sélectif avec justification.",
go-formula-0143,supprimée,"Formules répétées, bases parfois implicites et corrections récitées ; remplacement sélectif avec justification.",
go-formula-0144,supprimée,"Formules répétées, bases parfois implicites et corrections récitées ; remplacement sélectif avec justification.",
go-formula-0145,supprimée,"Formules répétées, bases parfois implicites et corrections récitées ; remplacement sélectif avec justification.",
go-formula-0146,supprimée,"Formules répétées, bases parfois implicites et corrections récitées ; remplacement sélectif avec justification.",
v31-casevigilance-go-2e-3-3-9,supprimée,Mini-cas souvent suivi de titres de cours ou ordre arbitraire ; remplacé par une décision explicite.,
v31-cross-go-2e-3-3-11-3-3-5,supprimée,Définitions recopiées et propositions par permutation.,choix_long
v31-cross-go-2e-3-3-7-3-3-6,supprimée,Définitions recopiées et propositions par permutation.,choix_long
v31-example-go-2e-3-3-10,supprimée,Mini-cas souvent suivi de titres de cours ou ordre arbitraire ; remplacé par une décision explicite.,
v31-example-go-2e-3-3-11,supprimée,Mini-cas souvent suivi de titres de cours ou ordre arbitraire ; remplacé par une décision explicite.,
v31-example-go-2e-3-3-8,supprimée,Mini-cas souvent suivi de titres de cours ou ordre arbitraire ; remplacé par une décision explicite.,enonce_long
v31-example-go-2e-3-3-9,supprimée,Mini-cas souvent suivi de titres de cours ou ordre arbitraire ; remplacé par une décision explicite.,
v31-pair-go-2e-3-3-10-3-3-11,supprimée,Définitions recopiées et propositions par permutation.,choix_long
v31-pair-go-2e-3-3-7-3-3-10,supprimée,Définitions recopiées et propositions par permutation.,choix_long
v31-pair-go-2e-3-3-7-3-3-11,supprimée,Définitions recopiées et propositions par permutation.,choix_long
v31-pair-go-2e-3-3-7-3-3-8,supprimée,Définitions recopiées et propositions par permutation.,choix_long
v31-pair-go-2e-3-3-8-3-3-10,supprimée,Définitions recopiées et propositions par permutation.,choix_long
v31-pair-go-2e-3-3-8-3-3-11,supprimée,Définitions recopiées et propositions par permutation.,choix_long
v32a-formpair-go-2e-03-19-1,supprimée,Paires de formules répétées ; reconstruction sélective.,
v32a-formpair-go-2e-03-19-2,supprimée,Paires de formules répétées ; reconstruction sélective.,
v32a-formpair-go-2e-03-19-3,supprimée,Paires de formules répétées ; reconstruction sélective.,
v32a-pair-go-2e-03-19-1,supprimée,Diagnostic de titres de cours et associations artificielles.,enonce_long
v32a-pair-go-2e-03-19-2,supprimée,Diagnostic de titres de cours et associations artificielles.,enonce_long
v32a-pair-go-2e-03-19-3,supprimée,Diagnostic de titres de cours et associations artificielles.,enonce_long
v32a-pair-go-2e-03-19-4,supprimée,Diagnostic de titres de cours et associations artificielles.,enonce_long
v32a-triple-go-2e-03-19-1,supprimée,Attribution mécanique de trois titres.,enonce_long
v32a-triple-go-2e-03-19-2,supprimée,Attribution mécanique de trois titres.,enonce_long
v34-association-raisonnee-7241,supprimée,"Association de titres et définitions, indices lexicaux, distracteurs permutés.",
v34-association-raisonnee-7252,supprimée,"Association de titres et définitions, indices lexicaux, distracteurs permutés.",
v34-association-raisonnee-7256,supprimée,"Association de titres et définitions, indices lexicaux, distracteurs permutés.",
v34-association-raisonnee-7262,supprimée,"Association de titres et définitions, indices lexicaux, distracteurs permutés.",
v34-association-raisonnee-7270,supprimée,"Association de titres et définitions, indices lexicaux, distracteurs permutés.",
v31-casevigilance-go-2e-3-4-3,supprimée,Mini-cas souvent suivi de titres de cours ou ordre arbitraire ; remplacé par une décision explicite.,
v31-casevigilance-go-2e-3-4-4,supprimée,Mini-cas souvent suivi de titres de cours ou ordre arbitraire ; remplacé par une décision explicite.,enonce_long
v31-example-go-2e-3-4-1,supprimée,Mini-cas souvent suivi de titres de cours ou ordre arbitraire ; remplacé par une décision explicite.,
v31-example-go-2e-3-4-3,supprimée,Mini-cas souvent suivi de titres de cours ou ordre arbitraire ; remplacé par une décision explicite.,
v31-example-go-2e-3-4-5,supprimée,Mini-cas souvent suivi de titres de cours ou ordre arbitraire ; remplacé par une décision explicite.,enonce_long
v31-pair-go-2e-3-4-1-3-4-2,supprimée,Définitions recopiées et propositions par permutation.,choix_long
v31-pair-go-2e-3-4-1-3-4-5,supprimée,Définitions recopiées et propositions par permutation.,choix_long
v31-pair-go-2e-3-4-2-3-4-5,supprimée,Définitions recopiées et propositions par permutation.,choix_long
v32a-pair-go-2e-03-21-1,supprimée,Diagnostic de titres de cours et associations artificielles.,enonce_long
v32a-pair-go-2e-03-21-2,supprimée,Diagnostic de titres de cours et associations artificielles.,enonce_long
v32a-pair-go-2e-03-21-3,supprimée,Diagnostic de titres de cours et associations artificielles.,enonce_long
v32a-pair-go-2e-03-21-4,supprimée,Diagnostic de titres de cours et associations artificielles.,enonce_long
v32a-triple-go-2e-03-21-1,supprimée,Attribution mécanique de trois titres.,enonce_long
v32a-triple-go-2e-03-21-2,supprimée,Attribution mécanique de trois titres.,enonce_long
v34-association-raisonnee-7432,supprimée,"Association de titres et définitions, indices lexicaux, distracteurs permutés.",
v34-association-raisonnee-7447,supprimée,"Association de titres et définitions, indices lexicaux, distracteurs permutés.",
v34-association-raisonnee-7448,supprimée,"Association de titres et définitions, indices lexicaux, distracteurs permutés.",
v34-association-raisonnee-7449,supprimée,"Association de titres et définitions, indices lexicaux, distracteurs permutés.",
v34-association-raisonnee-7459,supprimée,"Association de titres et définitions, indices lexicaux, distracteurs permutés.",
v34-double-raisonnement-7513,supprimée,"Permutation de deux définitions, raisonnement professionnel non démontré.",enonce_long
go-formula-0153,supprimée,"Formules répétées, bases parfois implicites et corrections récitées ; remplacement sélectif avec justification.",
go-formula-0154,supprimée,"Formules répétées, bases parfois implicites et corrections récitées ; remplacement sélectif avec justification.",
v31-caseaction-go-2e-3-5-6,supprimée,Mini-cas souvent suivi de titres de cours ou ordre arbitraire ; remplacé par une décision explicite.,
v31-casevigilance-go-2e-3-5-1,supprimée,Mini-cas souvent suivi de titres de cours ou ordre arbitraire ; remplacé par une décision explicite.,
v31-casevigilance-go-2e-3-5-4,supprimée,Mini-cas souvent suivi de titres de cours ou ordre arbitraire ; remplacé par une décision explicite.,enonce_long
v31-example-go-2e-3-5-1,supprimée,Mini-cas souvent suivi de titres de cours ou ordre arbitraire ; remplacé par une décision explicite.,
v31-example-go-2e-3-5-3,supprimée,Mini-cas souvent suivi de titres de cours ou ordre arbitraire ; remplacé par une décision explicite.,
v31-example-go-2e-3-5-4,supprimée,Mini-cas souvent suivi de titres de cours ou ordre arbitraire ; remplacé par une décision explicite.,enonce_long
v31-example-go-2e-3-5-5,supprimée,Mini-cas souvent suivi de titres de cours ou ordre arbitraire ; remplacé par une décision explicite.,
v31-method-go-2e-3-5-6,supprimée,Ordre des premières opérations souvent non unique ; propositions mécaniquement inversées.,choix_long
v31-pair-go-2e-3-5-3-3-5-4,supprimée,Définitions recopiées et propositions par permutation.,choix_long
v31-pair-go-2e-3-5-4-3-5-6,supprimée,Définitions recopiées et propositions par permutation.,choix_long
v32a-pair-go-2e-03-22-1,supprimée,Diagnostic de titres de cours et associations artificielles.,
v32a-pair-go-2e-03-22-2,supprimée,Diagnostic de titres de cours et associations artificielles.,enonce_long
v32a-pair-go-2e-03-22-3,supprimée,Diagnostic de titres de cours et associations artificielles.,enonce_long
v32a-pair-go-2e-03-22-4,supprimée,Diagnostic de titres de cours et associations artificielles.,enonce_long
v32a-triple-go-2e-03-22-1,supprimée,Attribution mécanique de trois titres.,enonce_long
v32a-triple-go-2e-03-22-2,supprimée,Attribution mécanique de trois titres.,enonce_long
v34-association-raisonnee-7619,supprimée,"Association de titres et définitions, indices lexicaux, distracteurs permutés.",
v34-association-raisonnee-7623,supprimée,"Association de titres et définitions, indices lexicaux, distracteurs permutés.",
v34-association-raisonnee-7643,supprimée,"Association de titres et définitions, indices lexicaux, distracteurs permutés.",choix_long
v34-association-raisonnee-7646,supprimée,"Association de titres et définitions, indices lexicaux, distracteurs permutés.",choix_long
v34-association-raisonnee-7650,supprimée,"Association de titres et définitions, indices lexicaux, distracteurs permutés.",choix_long
go-formula-0147,supprimée,"Formules répétées, bases parfois implicites et corrections récitées ; remplacement sélectif avec justification.",
go-formula-0148,supprimée,"Formules répétées, bases parfois implicites et corrections récitées ; remplacement sélectif avec justification.",
go-formula-0149,supprimée,"Formules répétées, bases parfois implicites et corrections récitées ; remplacement sélectif avec justification.",
go-formula-0150,supprimée,"Formules répétées, bases parfois implicites et corrections récitées ; remplacement sélectif avec justification.",
go-formula-0151,supprimée,"Formules répétées, bases parfois implicites et corrections récitées ; remplacement sélectif avec justification.",
v31-example-go-2e-3-5-2,supprimée,Mini-cas souvent suivi de titres de cours ou ordre arbitraire ; remplacé par une décision explicite.,
v32a-cumulative-go-2e-03-23,supprimée,Attribution de titres à des extraits ; faible transfert.,enonce_long
v32a-formpair-go-2e-03-23-1,supprimée,Paires de formules répétées ; reconstruction sélective.,
v32a-formpair-go-2e-03-23-2,supprimée,Paires de formules répétées ; reconstruction sélective.,
v32a-formpair-go-2e-03-23-3,supprimée,Paires de formules répétées ; reconstruction sélective.,
v34-association-raisonnee-7755,supprimée,"Association de titres et définitions, indices lexicaux, distracteurs permutés.",
v34-association-raisonnee-7756,supprimée,"Association de titres et définitions, indices lexicaux, distracteurs permutés.",
v34-association-raisonnee-7758,supprimée,"Association de titres et définitions, indices lexicaux, distracteurs permutés.",
v34-association-raisonnee-7760,supprimée,"Association de titres et définitions, indices lexicaux, distracteurs permutés.",choix_long
v34-triple-raisonnement-7779,supprimée,"Permutation de trois définitions, lecture trop longue et niveau artificiel.",enonce_long
v34-triple-raisonnement-7780,supprimée,"Permutation de trois définitions, lecture trop longue et niveau artificiel.",enonce_long
v34-triple-raisonnement-7783,supprimée,"Permutation de trois définitions, lecture trop longue et niveau artificiel.",enonce_long
v31-caseaction-go-2e-3-6-4,supprimée,Mini-cas souvent suivi de titres de cours ou ordre arbitraire ; remplacé par une décision explicite.,enonce_long
v31-casevigilance-go-2e-3-6-1,supprimée,Mini-cas souvent suivi de titres de cours ou ordre arbitraire ; remplacé par une décision explicite.,
v31-casevigilance-go-2e-3-6-2,supprimée,Mini-cas souvent suivi de titres de cours ou ordre arbitraire ; remplacé par une décision explicite.,enonce_long
v31-cross-go-2e-3-6-3-3-3-5,supprimée,Définitions recopiées et propositions par permutation.,choix_long
v31-example-go-2e-3-6-1,supprimée,Mini-cas souvent suivi de titres de cours ou ordre arbitraire ; remplacé par une décision explicite.,
v31-example-go-2e-3-6-3,supprimée,Mini-cas souvent suivi de titres de cours ou ordre arbitraire ; remplacé par une décision explicite.,
v31-example-go-2e-3-6-4,supprimée,Mini-cas souvent suivi de titres de cours ou ordre arbitraire ; remplacé par une décision explicite.,enonce_long
v31-method-go-2e-3-6-4,supprimée,Ordre des premières opérations souvent non unique ; propositions mécaniquement inversées.,
v32a-pair-go-2e-03-24-1,supprimée,Diagnostic de titres de cours et associations artificielles.,enonce_long
v32a-pair-go-2e-03-24-2,supprimée,Diagnostic de titres de cours et associations artificielles.,enonce_long
v32a-pair-go-2e-03-24-3,supprimée,Diagnostic de titres de cours et associations artificielles.,enonce_long
v32a-triple-go-2e-03-24-1,supprimée,Attribution mécanique de trois titres.,enonce_long
v34-association-raisonnee-7785,supprimée,"Association de titres et définitions, indices lexicaux, distracteurs permutés.",
v34-association-raisonnee-7787,supprimée,"Association de titres et définitions, indices lexicaux, distracteurs permutés.",
v34-association-raisonnee-7788,supprimée,"Association de titres et définitions, indices lexicaux, distracteurs permutés.",
v34-association-raisonnee-7800,supprimée,"Association de titres et définitions, indices lexicaux, distracteurs permutés.",
v34-association-raisonnee-7801,supprimée,"Association de titres et définitions, indices lexicaux, distracteurs permutés.",
v34-diagnostic-formule-7851,supprimée,"Objectif formulé comme un titre de cours, choix longs et répétitifs.",
go-formula-0158,supprimée,"Formules répétées, bases parfois implicites et corrections récitées ; remplacement sélectif avec justification.",
v31-casevigilance-go-2e-4-1-3,supprimée,Mini-cas souvent suivi de titres de cours ou ordre arbitraire ; remplacé par une décision explicite.,
v31-casevigilance-go-2e-4-2-2,supprimée,Mini-cas souvent suivi de titres de cours ou ordre arbitraire ; remplacé par une décision explicite.,
v31-casevigilance-go-2e-4-2-3,supprimée,Mini-cas souvent suivi de titres de cours ou ordre arbitraire ; remplacé par une décision explicite.,
v31-example-go-2e-4-1-1,supprimée,Mini-cas souvent suivi de titres de cours ou ordre arbitraire ; remplacé par une décision explicite.,
v31-example-go-2e-4-1-2,supprimée,Mini-cas souvent suivi de titres de cours ou ordre arbitraire ; remplacé par une décision explicite.,
v31-example-go-2e-4-1-3,supprimée,Mini-cas souvent suivi de titres de cours ou ordre arbitraire ; remplacé par une décision explicite.,
v31-example-go-2e-4-1-4,supprimée,Mini-cas souvent suivi de titres de cours ou ordre arbitraire ; remplacé par une décision explicite.,enonce_long
v31-example-go-2e-4-1-5,supprimée,Mini-cas souvent suivi de titres de cours ou ordre arbitraire ; remplacé par une décision explicite.,
v31-example-go-2e-4-2-1,supprimée,Mini-cas souvent suivi de titres de cours ou ordre arbitraire ; remplacé par une décision explicite.,
v31-example-go-2e-4-2-4,supprimée,Mini-cas souvent suivi de titres de cours ou ordre arbitraire ; remplacé par une décision explicite.,enonce_long
v31-example-go-2e-4-2-5,supprimée,Mini-cas souvent suivi de titres de cours ou ordre arbitraire ; remplacé par une décision explicite.,
v31-method-go-2e-4-2-1,supprimée,Ordre des premières opérations souvent non unique ; propositions mécaniquement inversées.,
v31-pair-go-2e-4-1-1-4-1-4,supprimée,Définitions recopiées et propositions par permutation.,choix_long
v31-pair-go-2e-4-1-1-4-2-1,supprimée,Définitions recopiées et propositions par permutation.,choix_long
v31-pair-go-2e-4-1-4-4-2-1,supprimée,Définitions recopiées et propositions par permutation.,choix_long
v31-pair-go-2e-4-1-4-4-2-3,supprimée,Définitions recopiées et propositions par permutation.,choix_long
v32a-pair-go-2e-04-26-1,supprimée,Diagnostic de titres de cours et associations artificielles.,enonce_long
v32a-pair-go-2e-04-26-2,supprimée,Diagnostic de titres de cours et associations artificielles.,enonce_long
v32a-pair-go-2e-04-26-3,supprimée,Diagnostic de titres de cours et associations artificielles.,enonce_long
v32a-pair-go-2e-04-26-4,supprimée,Diagnostic de titres de cours et associations artificielles.,enonce_long
v32a-triple-go-2e-04-26-1,supprimée,Attribution mécanique de trois titres.,enonce_long
v32a-triple-go-2e-04-26-2,supprimée,Attribution mécanique de trois titres.,enonce_long
v34-association-raisonnee-7881,supprimée,"Association de titres et définitions, indices lexicaux, distracteurs permutés.",
v34-association-raisonnee-7887,supprimée,"Association de titres et définitions, indices lexicaux, distracteurs permutés.",choix_long
v34-association-raisonnee-7893,supprimée,"Association de titres et définitions, indices lexicaux, distracteurs permutés.",choix_long
v34-association-raisonnee-7900,supprimée,"Association de titres et définitions, indices lexicaux, distracteurs permutés.",choix_long
v34-association-raisonnee-7905,supprimée,"Association de titres et définitions, indices lexicaux, distracteurs permutés.",
go-formula-0159,supprimée,"Formules répétées, bases parfois implicites et corrections récitées ; remplacement sélectif avec justification.",
go-formula-0160,supprimée,"Formules répétées, bases parfois implicites et corrections récitées ; remplacement sélectif avec justification.",
go-formula-0161,supprimée,"Formules répétées, bases parfois implicites et corrections récitées ; remplacement sélectif avec justification.",
go-formula-0162,supprimée,"Formules répétées, bases parfois implicites et corrections récitées ; remplacement sélectif avec justification.",
go-formula-0163,supprimée,"Formules répétées, bases parfois implicites et corrections récitées ; remplacement sélectif avec justification.",
go-formula-0164,supprimée,"Formules répétées, bases parfois implicites et corrections récitées ; remplacement sélectif avec justification.",
go-formula-0165,supprimée,"Formules répétées, bases parfois implicites et corrections récitées ; remplacement sélectif avec justification.",
go-formula-0166,supprimée,"Formules répétées, bases parfois implicites et corrections récitées ; remplacement sélectif avec justification.",
go-formula-0167,supprimée,"Formules répétées, bases parfois implicites et corrections récitées ; remplacement sélectif avec justification.",
go-formula-0168,supprimée,"Formules répétées, bases parfois implicites et corrections récitées ; remplacement sélectif avec justification.",
go-formula-0169,supprimée,"Formules répétées, bases parfois implicites et corrections récitées ; remplacement sélectif avec justification.",
go-formula-0170,supprimée,"Formules répétées, bases parfois implicites et corrections récitées ; remplacement sélectif avec justification.",
go-formula-0171,supprimée,"Formules répétées, bases parfois implicites et corrections récitées ; remplacement sélectif avec justification.",
go-formula-0172,supprimée,"Formules répétées, bases parfois implicites et corrections récitées ; remplacement sélectif avec justification.",
go-formula-0173,supprimée,"Formules répétées, bases parfois implicites et corrections récitées ; remplacement sélectif avec justification.",
go-formula-0174,supprimée,"Formules répétées, bases parfois implicites et corrections récitées ; remplacement sélectif avec justification.",
go-formula-0177,supprimée,"Formules répétées, bases parfois implicites et corrections récitées ; remplacement sélectif avec justification.",
go-formula-0178,supprimée,"Formules répétées, bases parfois implicites et corrections récitées ; remplacement sélectif avec justification.",
v31-casevigilance-go-2e-4-3-4,supprimée,Mini-cas souvent suivi de titres de cours ou ordre arbitraire ; remplacé par une décision explicite.,
v31-casevigilance-go-2e-4-3-6,supprimée,Mini-cas souvent suivi de titres de cours ou ordre arbitraire ; remplacé par une décision explicite.,
v31-casevigilance-go-2e-4-3-8,supprimée,Mini-cas souvent suivi de titres de cours ou ordre arbitraire ; remplacé par une décision explicite.,enonce_long
v31-example-go-2e-4-3-1,supprimée,Mini-cas souvent suivi de titres de cours ou ordre arbitraire ; remplacé par une décision explicite.,
v31-example-go-2e-4-3-10,supprimée,Mini-cas souvent suivi de titres de cours ou ordre arbitraire ; remplacé par une décision explicite.,
v31-example-go-2e-4-3-12,supprimée,Mini-cas souvent suivi de titres de cours ou ordre arbitraire ; remplacé par une décision explicite.,
v31-example-go-2e-4-3-2,supprimée,Mini-cas souvent suivi de titres de cours ou ordre arbitraire ; remplacé par une décision explicite.,
v31-example-go-2e-4-3-4,supprimée,Mini-cas souvent suivi de titres de cours ou ordre arbitraire ; remplacé par une décision explicite.,
v31-example-go-2e-4-3-7,supprimée,Mini-cas souvent suivi de titres de cours ou ordre arbitraire ; remplacé par une décision explicite.,
v31-example-go-2e-4-3-8,supprimée,Mini-cas souvent suivi de titres de cours ou ordre arbitraire ; remplacé par une décision explicite.,enonce_long
v31-example-go-2e-4-3-9,supprimée,Mini-cas souvent suivi de titres de cours ou ordre arbitraire ; remplacé par une décision explicite.,
v31-pair-go-2e-4-3-1-4-3-10,supprimée,Définitions recopiées et propositions par permutation.,choix_long
v31-pair-go-2e-4-3-1-4-3-11,supprimée,Définitions recopiées et propositions par permutation.,choix_long
v31-pair-go-2e-4-3-1-4-3-12,supprimée,Définitions recopiées et propositions par permutation.,choix_long
v31-pair-go-2e-4-3-1-4-3-3,supprimée,Définitions recopiées et propositions par permutation.,choix_long
v31-pair-go-2e-4-3-1-4-3-5,supprimée,Définitions recopiées et propositions par permutation.,choix_long
v31-pair-go-2e-4-3-1-4-3-6,supprimée,Définitions recopiées et propositions par permutation.,choix_long
v31-pair-go-2e-4-3-1-4-3-7,supprimée,Définitions recopiées et propositions par permutation.,choix_long
v31-pair-go-2e-4-3-1-4-3-8,supprimée,Définitions recopiées et propositions par permutation.,choix_long
v31-pair-go-2e-4-3-1-4-3-9,supprimée,Définitions recopiées et propositions par permutation.,choix_long
v31-pair-go-2e-4-3-11-4-3-12,supprimée,Définitions recopiées et propositions par permutation.,choix_long
v31-pair-go-2e-4-3-3-4-3-5,supprimée,Définitions recopiées et propositions par permutation.,choix_long
v31-pair-go-2e-4-3-5-4-3-8,supprimée,Définitions recopiées et propositions par permutation.,choix_long
v31-pair-go-2e-4-3-9-4-3-10,supprimée,Définitions recopiées et propositions par permutation.,choix_long
v31-pair-go-2e-4-3-9-4-3-12,supprimée,Définitions recopiées et propositions par permutation.,choix_long
v32a-formpair-go-2e-04-28-1,supprimée,Paires de formules répétées ; reconstruction sélective.,
v32a-formpair-go-2e-04-28-2,supprimée,Paires de formules répétées ; reconstruction sélective.,
v32a-pair-go-2e-04-28-1,supprimée,Diagnostic de titres de cours et associations artificielles.,
v32a-pair-go-2e-04-28-2,supprimée,Diagnostic de titres de cours et associations artificielles.,enonce_long
v32a-pair-go-2e-04-28-3,supprimée,Diagnostic de titres de cours et associations artificielles.,enonce_long
v32a-pair-go-2e-04-28-4,supprimée,Diagnostic de titres de cours et associations artificielles.,
v32a-triple-go-2e-04-28-1,supprimée,Attribution mécanique de trois titres.,enonce_long
v32a-triple-go-2e-04-28-2,supprimée,Attribution mécanique de trois titres.,enonce_long
v34-association-raisonnee-8030,supprimée,"Association de titres et définitions, indices lexicaux, distracteurs permutés.",
v34-association-raisonnee-8047,supprimée,"Association de titres et définitions, indices lexicaux, distracteurs permutés.",
v34-association-raisonnee-8048,supprimée,"Association de titres et définitions, indices lexicaux, distracteurs permutés.",
v34-association-raisonnee-8051,supprimée,"Association de titres et définitions, indices lexicaux, distracteurs permutés.",
v34-association-raisonnee-8090,supprimée,"Association de titres et définitions, indices lexicaux, distracteurs permutés.",
go-formula-0179,supprimée,"Formules répétées, bases parfois implicites et corrections récitées ; remplacement sélectif avec justification.",
go-formula-0180,supprimée,"Formules répétées, bases parfois implicites et corrections récitées ; remplacement sélectif avec justification.",
v31-caseaction-go-2e-4-4-4,supprimée,Mini-cas souvent suivi de titres de cours ou ordre arbitraire ; remplacé par une décision explicite.,enonce_long
v31-caseaction-go-2e-4-4-5,supprimée,Mini-cas souvent suivi de titres de cours ou ordre arbitraire ; remplacé par une décision explicite.,
v31-example-go-2e-4-4-1,supprimée,Mini-cas souvent suivi de titres de cours ou ordre arbitraire ; remplacé par une décision explicite.,
v31-example-go-2e-4-4-3,supprimée,Mini-cas souvent suivi de titres de cours ou ordre arbitraire ; remplacé par une décision explicite.,
v31-example-go-2e-4-4-4,supprimée,Mini-cas souvent suivi de titres de cours ou ordre arbitraire ; remplacé par une décision explicite.,enonce_long
v31-example-go-2e-4-4-5,supprimée,Mini-cas souvent suivi de titres de cours ou ordre arbitraire ; remplacé par une décision explicite.,
v31-method-go-2e-4-4-4,supprimée,Ordre des premières opérations souvent non unique ; propositions mécaniquement inversées.,choix_long
v31-method-go-2e-4-4-5,supprimée,Ordre des premières opérations souvent non unique ; propositions mécaniquement inversées.,choix_long
v31-pair-go-2e-4-4-1-4-4-2,supprimée,Définitions recopiées et propositions par permutation.,choix_long
v31-pair-go-2e-4-4-1-4-4-3,supprimée,Définitions recopiées et propositions par permutation.,choix_long
v31-pair-go-2e-4-4-1-4-4-4,supprimée,Définitions recopiées et propositions par permutation.,choix_long
v31-pair-go-2e-4-4-1-4-4-5,supprimée,Définitions recopiées et propositions par permutation.,choix_long
v31-pair-go-2e-4-4-2-4-4-3,supprimée,Définitions recopiées et propositions par permutation.,choix_long
v31-pair-go-2e-4-4-2-4-4-4,supprimée,Définitions recopiées et propositions par permutation.,choix_long
v31-pair-go-2e-4-4-2-4-4-5,supprimée,Définitions recopiées et propositions par permutation.,choix_long
v31-pair-go-2e-4-4-3-4-4-4,supprimée,Définitions recopiées et propositions par permutation.,choix_long
v31-pair-go-2e-4-4-3-4-4-5,supprimée,Définitions recopiées et propositions par permutation.,choix_long
v31-pair-go-2e-4-4-4-4-4-5,supprimée,Définitions recopiées et propositions par permutation.,choix_long
v32a-pair-go-2e-04-29-1,supprimée,Diagnostic de titres de cours et associations artificielles.,enonce_long
v32a-pair-go-2e-04-29-2,supprimée,Diagnostic de titres de cours et associations artificielles.,enonce_long
v32a-pair-go-2e-04-29-3,supprimée,Diagnostic de titres de cours et associations artificielles.,enonce_long
v32a-pair-go-2e-04-29-4,supprimée,Diagnostic de titres de cours et associations artificielles.,enonce_long
v34-association-raisonnee-8369,supprimée,"Association de titres et définitions, indices lexicaux, distracteurs permutés.",choix_long
v34-association-raisonnee-8370,supprimée,"Association de titres et définitions, indices lexicaux, distracteurs permutés.",choix_long
v34-association-raisonnee-8374,supprimée,"Association de titres et définitions, indices lexicaux, distracteurs permutés.",
v34-association-raisonnee-8381,supprimée,"Association de titres et définitions, indices lexicaux, distracteurs permutés.",choix_long
v34-association-raisonnee-8384,supprimée,"Association de titres et définitions, indices lexicaux, distracteurs permutés.",choix_long
v31-example-go-2e-4-5-1,supprimée,Mini-cas souvent suivi de titres de cours ou ordre arbitraire ; remplacé par une décision explicite.,
v31-example-go-2e-4-5-2,supprimée,Mini-cas souvent suivi de titres de cours ou ordre arbitraire ; remplacé par une décision explicite.,
v31-method-go-2e-4-5-3,supprimée,Ordre des premières opérations souvent non unique ; propositions mécaniquement inversées.,
v31-pair-go-2e-4-5-1-4-5-2,supprimée,Définitions recopiées et propositions par permutation.,choix_long
v32a-pair-go-2e-04-30-1,supprimée,Diagnostic de titres de cours et associations artificielles.,enonce_long
v34-association-raisonnee-8458,supprimée,"Association de titres et définitions, indices lexicaux, distracteurs permutés.",choix_long
v34-association-raisonnee-8459,supprimée,"Association de titres et définitions, indices lexicaux, distracteurs permutés.",
v34-association-raisonnee-8462,supprimée,"Association de titres et définitions, indices lexicaux, distracteurs permutés.",
v34-association-raisonnee-8463,supprimée,"Association de titres et définitions, indices lexicaux, distracteurs permutés.",choix_long
v34-association-raisonnee-8464,supprimée,"Association de titres et définitions, indices lexicaux, distracteurs permutés.",choix_long
v34-diagnostic-formule-8510,supprimée,"Objectif formulé comme un titre de cours, choix longs et répétitifs.",
v34-diagnostic-formule-8519,supprimée,"Objectif formulé comme un titre de cours, choix longs et répétitifs.",
v34-diagnostic-formule-8532,supprimée,"Objectif formulé comme un titre de cours, choix longs et répétitifs.",
v34-distinction-raisonnee-8489,supprimée,Juxtaposition de définitions ; reconstruction nécessaire.,choix_long
v34-double-raisonnement-8477,supprimée,"Permutation de deux définitions, raisonnement professionnel non démontré.",enonce_long
v34-double-raisonnement-8484,supprimée,"Permutation de deux définitions, raisonnement professionnel non démontré.",enonce_long
v34-double-raisonnement-8490,supprimée,"Permutation de deux définitions, raisonnement professionnel non démontré.",enonce_long
v34-triple-raisonnement-8495,supprimée,"Permutation de trois définitions, lecture trop longue et niveau artificiel.",enonce_long
v31-casevigilance-go-2e-4-6-4,supprimée,Mini-cas souvent suivi de titres de cours ou ordre arbitraire ; remplacé par une décision explicite.,
v31-casevigilance-go-2e-4-6-6,supprimée,Mini-cas souvent suivi de titres de cours ou ordre arbitraire ; remplacé par une décision explicite.,
v31-example-go-2e-4-6-1,supprimée,Mini-cas souvent suivi de titres de cours ou ordre arbitraire ; remplacé par une décision explicite.,enonce_long
v31-example-go-2e-4-6-2,supprimée,Mini-cas souvent suivi de titres de cours ou ordre arbitraire ; remplacé par une décision explicite.,
v31-example-go-2e-4-6-3,supprimée,Mini-cas souvent suivi de titres de cours ou ordre arbitraire ; remplacé par une décision explicite.,enonce_long
v31-example-go-2e-4-6-4,supprimée,Mini-cas souvent suivi de titres de cours ou ordre arbitraire ; remplacé par une décision explicite.,
v31-example-go-2e-4-6-5,supprimée,Mini-cas souvent suivi de titres de cours ou ordre arbitraire ; remplacé par une décision explicite.,
v31-example-go-2e-4-6-6,supprimée,Mini-cas souvent suivi de titres de cours ou ordre arbitraire ; remplacé par une décision explicite.,
v32a-pair-go-2e-04-31-1,supprimée,Diagnostic de titres de cours et associations artificielles.,enonce_long
v32a-pair-go-2e-04-31-2,supprimée,Diagnostic de titres de cours et associations artificielles.,enonce_long
v32a-pair-go-2e-04-31-3,supprimée,Diagnostic de titres de cours et associations artificielles.,enonce_long
v32a-pair-go-2e-04-31-4,supprimée,Diagnostic de titres de cours et associations artificielles.,enonce_long
v34-association-raisonnee-8543,supprimée,"Association de titres et définitions, indices lexicaux, distracteurs permutés.",
v34-association-raisonnee-8546,supprimée,"Association de titres et définitions, indices lexicaux, distracteurs permutés.",
v34-association-raisonnee-8547,supprimée,"Association de titres et définitions, indices lexicaux, distracteurs permutés.",
v34-association-raisonnee-8553,supprimée,"Association de titres et définitions, indices lexicaux, distracteurs permutés.",
v34-association-raisonnee-8565,supprimée,"Association de titres et définitions, indices lexicaux, distracteurs permutés.",choix_long
v34-diagnostic-formule-8685,supprimée,"Objectif formulé comme un titre de cours, choix longs et répétitifs.",
v34-triple-raisonnement-8585,supprimée,"Permutation de trois définitions, lecture trop longue et niveau artificiel.",enonce_long
v34-triple-raisonnement-8625,supprimée,"Permutation de trois définitions, lecture trop longue et niveau artificiel.",enonce_long
go-formula-0181,supprimée,"Formules répétées, bases parfois implicites et corrections récitées ; remplacement sélectif avec justification.",
go-formula-0182,supprimée,"Formules répétées, bases parfois implicites et corrections récitées ; remplacement sélectif avec justification.",
go-formula-0183,supprimée,"Formules répétées, bases parfois implicites et corrections récitées ; remplacement sélectif avec justification.",
go-formula-0184,supprimée,"Formules répétées, bases parfois implicites et corrections récitées ; remplacement sélectif avec justification.",
go-formula-0185,supprimée,"Formules répétées, bases parfois implicites et corrections récitées ; remplacement sélectif avec justification.",
go-formula-0186,supprimée,"Formules répétées, bases parfois implicites et corrections récitées ; remplacement sélectif avec justification.",
v31-example-go-2e-4-7-4,supprimée,Mini-cas souvent suivi de titres de cours ou ordre arbitraire ; remplacé par une décision explicite.,
v31-pair-go-2e-4-7-1-4-7-4,supprimée,Définitions recopiées et propositions par permutation.,choix_long
v32a-formpair-go-2e-04-32-1,supprimée,Paires de formules répétées ; reconstruction sélective.,
v32a-formpair-go-2e-04-32-2,supprimée,Paires de formules répétées ; reconstruction sélective.,
v32a-formpair-go-2e-04-32-3,supprimée,Paires de formules répétées ; reconstruction sélective.,
v32a-pair-go-2e-04-32-1,supprimée,Diagnostic de titres de cours et associations artificielles.,
v32a-pair-go-2e-04-32-2,supprimée,Diagnostic de titres de cours et associations artificielles.,enonce_long
v32a-pair-go-2e-04-32-3,supprimée,Diagnostic de titres de cours et associations artificielles.,enonce_long
v32a-pair-go-2e-04-32-4,supprimée,Diagnostic de titres de cours et associations artificielles.,
v32a-triple-go-2e-04-32-1,supprimée,Attribution mécanique de trois titres.,enonce_long
v32a-triple-go-2e-04-32-2,supprimée,Attribution mécanique de trois titres.,enonce_long
v34-association-raisonnee-8714,supprimée,"Association de titres et définitions, indices lexicaux, distracteurs permutés.",
v34-association-raisonnee-8716,supprimée,"Association de titres et définitions, indices lexicaux, distracteurs permutés.",
v34-association-raisonnee-8717,supprimée,"Association de titres et définitions, indices lexicaux, distracteurs permutés.",
v34-association-raisonnee-8718,supprimée,"Association de titres et définitions, indices lexicaux, distracteurs permutés.",
v34-association-raisonnee-8723,supprimée,"Association de titres et définitions, indices lexicaux, distracteurs permutés.",
v34-triple-raisonnement-8780,supprimée,"Permutation de trois définitions, lecture trop longue et niveau artificiel.",enonce_long
v34-triple-raisonnement-8805,supprimée,"Permutation de trois définitions, lecture trop longue et niveau artificiel.",enonce_long
go-formula-0187,supprimée,"Formules répétées, bases parfois implicites et corrections récitées ; remplacement sélectif avec justification.",
go-formula-0188,supprimée,"Formules répétées, bases parfois implicites et corrections récitées ; remplacement sélectif avec justification.",
v31-cross-go-2e-4-8-3-4-1-1,supprimée,Définitions recopiées et propositions par permutation.,choix_long
v31-example-go-2e-4-8-1,supprimée,Mini-cas souvent suivi de titres de cours ou ordre arbitraire ; remplacé par une décision explicite.,
v31-example-go-2e-4-8-2,supprimée,Mini-cas souvent suivi de titres de cours ou ordre arbitraire ; remplacé par une décision explicite.,
v31-example-go-2e-4-8-3,supprimée,Mini-cas souvent suivi de titres de cours ou ordre arbitraire ; remplacé par une décision explicite.,enonce_long
v31-example-go-2e-4-8-4,supprimée,Mini-cas souvent suivi de titres de cours ou ordre arbitraire ; remplacé par une décision explicite.,enonce_long
v31-example-go-2e-4-8-5,supprimée,Mini-cas souvent suivi de titres de cours ou ordre arbitraire ; remplacé par une décision explicite.,
v31-example-go-2e-4-8-6,supprimée,Mini-cas souvent suivi de titres de cours ou ordre arbitraire ; remplacé par une décision explicite.,
v32a-pair-go-2e-04-33-1,supprimée,Diagnostic de titres de cours et associations artificielles.,enonce_long
v32a-pair-go-2e-04-33-2,supprimée,Diagnostic de titres de cours et associations artificielles.,enonce_long
v32a-pair-go-2e-04-33-3,supprimée,Diagnostic de titres de cours et associations artificielles.,enonce_long
v32a-pair-go-2e-04-33-4,supprimée,Diagnostic de titres de cours et associations artificielles.,enonce_long
v32a-triple-go-2e-04-33-1,supprimée,Attribution mécanique de trois titres.,enonce_long
v32a-triple-go-2e-04-33-2,supprimée,Attribution mécanique de trois titres.,enonce_long
v34-association-raisonnee-8832,supprimée,"Association de titres et définitions, indices lexicaux, distracteurs permutés.",
v34-association-raisonnee-8839,supprimée,"Association de titres et définitions, indices lexicaux, distracteurs permutés.",
v34-association-raisonnee-8847,supprimée,"Association de titres et définitions, indices lexicaux, distracteurs permutés.",
v34-association-raisonnee-8850,supprimée,"Association de titres et définitions, indices lexicaux, distracteurs permutés.",
v34-association-raisonnee-8853,supprimée,"Association de titres et définitions, indices lexicaux, distracteurs permutés.",
v34-triple-raisonnement-8946,supprimée,"Permutation de trois définitions, lecture trop longue et niveau artificiel.",enonce_long
v34-triple-raisonnement-8990,supprimée,"Permutation de trois définitions, lecture trop longue et niveau artificiel.",enonce_long
